codigo_entidad,nombre_banco,tipo_entidad,A C T I V O,ACTIVOS INTANGIBLES,ADELANTOS,AJUSTES NIIF,BIENES DIVERSOS,CAJA DE AHORROS,"CAPITAL, APORTES, RESERVAS Y ORI ACUMULADO",CARGO POR INCOBRABILIDAD,COBROS NO APLICADOS,CONTINGENTES ACREEDORAS,CONTINGENTES DEUDORAS,CREDITO POR ARRENDAMIENTO FINANCIERO,CRÉDITOS DIVERSOS,CRÉDITOS IRRECUPERABLES EN PARTIDAS FUERA DEL BALANCE,CRÉDITOS RECUPERADOS Y PREVISIONES DESAFECTADAS,CUENTAS CORRIENTES,DE ACTIVIDAD FIDUCIARIA DEUDORAS,DE CONTROL ACREEDORAS,DE CONTROL DEUDORAS,DE DERIVADOS ACREEDORAS,DE DERIVADOS DEUDORAS,DEPÓSITOS,DETERIORO DE VALOR,"DOC A SOLA FIRMA, DESCONT. Y COMPRADOS",EFECTIVO Y DEPOSITO EN BANCOS,EGRESOS FINANCIEROS,EGRESOS POR SERVICIOS,EN ENTIDADES FINANCIERAS,FILIALES EN EL EXTERIOR,GASTOS DE ADMINISTRACIÓN,HIPOTECARIOS,IMPUESTO A LAS GANANCIAS,INGRESOS FINANCIEROS,INGRESOS POR SERVICIOS,INTERESES DOCUMENTADOS,INTERESES Y DIF. COTIZ. DEVENG. A COBRAR,INTERESES Y DIF. COTIZ. DEVENG. A PAGAR,OBLIGACIONES DIVERSAS,OBLIGACIONES SUBORDINADAS,OTRAS,OTRAS OBLIG.POR INTERMED. FINANC.,OTRO RESULTADO INTEGRAL,OTROS,OTROS CRED.POR INTERM.FINAN.,OTROS EGRESOS FINANCIEROS,OTROS INGRESOS FINANCIEROS,P A S I V O,P A T R I M O N I O N E T O,PART. EN OTRAS SOCIEDADES,PARTIDAS PEND. DE IMPUTACIÓN,PARTIDAS PENDIENTES DE IMPUTACIÓN,PERSONALES,PLAZO FIJO E INVERSIONES A PLAZO,POR INTERESES,PRENDARIOS,PREVISIONES,"PROPIEDAD, PLANTAS Y EQUIPO",PROVISIONES,PRÉSTAMOS,R D O S. I N T E G R A L E S A C U M. D E L P E R I O D O,RESULTADO MONETARIO,RESULTADOS NO ASIGNADOS,SECTOR FINANCIERO,SECTOR PRIVADO NO FINANCIERO Y RESIDENTES EN EL EXT.,SECTOR PÚBLICO NO FINANCIERO,TÍTULOS PÚBLICOS Y PRIVADOS,C.CAC.Sit.1: En situación normal (%),C.CAC.Sit.2: Riesgo bajo (%),C.CAC.Sit.3: Riesgo medio (%),C.CAC.Sit.4: Riesgo alto (%),C.CAC.Sit.5: Irrecuperable (%),C.CAC.TOTAL GARANTIZADO - Garantías Preferidas A y B (%),C.COM.Sit.1: En situación normal (%),C.COM.Sit.2: Con seguimiento especial (%),C.COM.Sit.3: Con problemas (%),C.COM.Sit.4: Con alto riesgo de insolvencia (%),C.COM.Sit.5: Irrecuperable (%),C.COM.TOTAL GARANTIZADO - Garantías Preferidas A y B (%),C.CON.Sit.1: En situación normal (%),C.CON.Sit.2: Riesgo bajo (%),C.CON.Sit.3: Riesgo medio (%),C.CON.Sit.4: Riesgo alto (%),C.CON.Sit.5: Irrecuperable (%),C.CON.TOTAL GARANTIZADO - Garantías Preferidas A y B (%),CARTERA COMERCIAL ($),CARTERA COMERCIAL ASIMILABLE A CONSUMO ($),CARTERA DE CONSUMO O VIVIENDA ($),Previsiones por riesgo de incobrabilidad constituídas,TF.Sit.1: En situación normal (%),TF.Sit.2: Con seguimiento especial/Riesgo bajo (%),TF.Sit.3: Con problemas/Riesgo medio (%),TF.Sit.4: Con alto riesgo de insolvencia/Riesgo alto (%),TF.Sit.5: Irrecuperable (%),TOTAL DE FINANCIACIONES Y GARANTIAS OTORGADAS ($),TOTAL GARANTIZADO - Garantías Preferidas A y B (%),Total cartera sobre financiaciones (%),Cantidad de Cuentas,Cantidad de Empresas,Cantidad de cajas de ahorro de ayuda social,Cantidad de cuentas corrientes,Cantidad de cuentas de ahorro,Cantidad de cuentas previsionales,Cantidad de operaciones a plazo fijo Empresas,Cantidad de operaciones a plazo fijo Individuos,Cantidad de operaciones por otros préstamos,Cantidad de operaciones por préstamos hipotecarios,Cantidad de operaciones por préstamos prendarios,Cantidad de tarjetas de crédito (plásticos),Cantidad de tarjetas de débito,Cantidad de titulares por tarjetas de crédito,Dotación de personal,hipoteca_uva,hipoteca_tea_max,hipoteca_monto_max,hipoteca_plazo_max,hipoteca_n_productos,ofrece_hipoteca,personal_tea_max,personal_monto_max,personal_plazo_max,personal_n_productos,ofrece_personal,prendario_tea_max,prendario_monto_max,prendario_n_productos,ofrece_prendario,pfijo_uva,pfijo_tea_min,pfijo_monto_min,pfijo_n_productos,ofrece_pfijo,paquete_tiene_premium,paquete_comision_min,paquete_comision_max,paquete_n_productos,ofrece_paquete,tarjeta_tea_financiacion,tarjeta_tea_adelanto,tarjeta_tiene_premium,tarjeta_comision_admin_min,tarjeta_n_productos,ofrece_tarjeta,caja_apertura_simplificada,n_productos_ofrecidos
00007,BANCO DE GALICIA Y BUENOS AIRES S.A,privado_nacional,21692306233.0,229096568.0,422033149.0,-132699699.0,44656757.0,8460653361.0,3079304456.0,-434112928.0,-128267.0,15577160021.0,2372436971.0,24816548.0,461614726.0,72728672.0,12842083.0,1399054430.0,22836175.0,251473900.0,38119368911.0,1134635222.0,944885902.0,14268420141.0,,3393899488.0,5284748505.0,-2939750149.0,-395722940.0,71567.0,,-1257024760.0,316899790.0,-541459699.0,7533475868.0,780989191.0,-23922226.0,481238316.0,211155319.0,359266147.0,266114122.0,949291543.0,2159532687.0,32859049.0,3247431254.0,1006845355.0,-691364398.0,1560035619.0,17286376034.0,4405930199.0,949363110.0,1475749.0,1176890.0,1028720014.0,3878747612.0,5973440249.0,259543523.0,-308260099.0,698228462.0,231866047.0,8832468790.0,1359484792.0,-1941525374.0,1326625743.0,146974298.0,8993015342.0,739249.0,4158991663.0,98.16,0.43,0.58,0.5,0.33,19.3,99.73,0.04,0.23,0.0,0.0,5.57,93.1,3.41,1.83,1.56,0.1,11.66,4084769.98,2112699.39,4452774.68,327293.4,96.65,1.53,0.97,0.75,0.11,10650244.05,10.84,38.35,1350833.0,262226.0,429274.0,453309.0,7267812.0,624203.0,8771.0,460953.0,4742267.0,6956.0,3427.0,4380291.0,6240600.0,3069192.0,5675.0,1,12.0,999999999.0,240.0,1.0,1,30.0,24800000.0,72.0,2.0,1,34.0,57000000.0,18.0,1,1,26.83,100.0,12.0,1,1,27000.0,70000.0,56.0,1,133.44,133.44,1,18500.0,12.0,1,1,6
00011,BANCO DE LA NACION ARGENTINA,publico,47967263079.0,,233467964.0,-14903011.0,52027850.0,5038191261.0,10534641360.0,-400019701.0,-3050065.0,4597362010.0,21538057544.0,,716464549.0,716925118.0,168099499.0,1378198212.0,2780078770.0,168489816.0,22480458582.0,,1.0,31046332752.0,,4988841445.0,4177227558.0,-9985219093.0,-453293832.0,235676989.0,829775635.0,-1788302150.0,676243381.0,-1746429431.0,25345942955.0,495424728.0,-159974079.0,3394897814.0,510477368.0,1144984990.0,,844736307.0,508610064.0,-1282467122.0,3080478042.0,5325400184.0,-1310256961.0,16395544855.0,32817609943.0,15149653136.0,1080413296.0,58570210.0,34209402.0,1565221093.0,11220181123.0,8950398100.0,630083636.0,-351453329.0,1151910764.0,83472735.0,15042969953.0,3313035071.0,-7023507593.0,4615011776.0,1500000.0,14391306220.0,1001617062.0,19532503080.0,98.56,1.06,0.12,0.11,0.15,26.82,97.12,0.97,0.11,0.31,1.5,9.85,96.1,2.37,0.62,0.46,0.45,53.23,6373813.52,3716240.83,5799280.62,413780.65,97.09,1.5,0.3,0.32,0.8,15889334.96,29.65,40.11,1144348.0,33786.0,7184888.0,322054.0,20250566.0,4944838.0,57523.0,1066088.0,4548393.0,66194.0,20695.0,5081452.0,21095087.0,2429554.0,16847.0,1,6.17,521192700.0,360.0,24.0,1,45.37,100000000.0,72.0,5.0,1,,,,0,1,25.66,100.0,10.0,1,1,9427.0,75038.0,12.0,1,103.18,103.18,0,8801.54,1.0,1,1,5
00014,BANCO DE LA PROVINCIA DE BUENOS AIR,publico,14770115398.0,25693808.0,153518128.0,-139305864.0,28064280.0,3872183452.0,2938164586.0,-87167403.0,-203835.0,7309981922.0,1799857915.0,2694741.0,151374224.0,173888182.0,63878260.0,1079744856.0,425250086.0,13259503.0,4815552660.0,,1239486183.0,10700866583.0,-35913.0,1855720647.0,2242988800.0,-3428232938.0,-782505361.0,,42538314.0,-1480327626.0,57364746.0,,6443824067.0,455169909.0,-16972622.0,956039880.0,147655223.0,238959886.0,,242715679.0,714963774.0,-39949043.0,1812211124.0,614233848.0,-665191352.0,3022745644.0,11763499015.0,3006616383.0,242679766.0,11721257.0,5649461.0,1113345662.0,3477290238.0,3421078423.0,141617814.0,-116545932.0,1252275739.0,103059311.0,5830674384.0,28502754.0,-1100366743.0,68451797.0,2.0,5933335680.0,13884634.0,4325176237.0,98.39,0.92,0.37,0.22,0.1,11.86,98.36,1.59,0.0,0.04,,4.2,95.74,1.74,1.3,0.83,0.39,2.24,1253743.43,1691595.62,3390120.93,118169.35,96.97,1.49,0.8,0.51,0.24,6335459.98,5.19,19.79,1297945.0,23501.0,1439705.0,1207704.0,12327538.0,1295656.0,44367.0,329365.0,4686910.0,25373.0,6474.0,5231215.0,11553671.0,2265627.0,10401.0,0,37.22,345689450.0,240.0,60.0,1,77.88,50000000.0,60.0,22.0,1,,,,0,1,24.48,100.0,20.0,1,1,24700.0,85000.0,72.0,1,40.42,40.42,1,0.0,11.0,1,1,5
00015,INDUSTRIAL AND COMMERCIAL BANK OF C,extranjero,7607866008.0,105861793.0,159610348.0,-3138731.0,2350503.0,2152753533.0,1417488571.0,-107098062.0,-14195.0,5410716395.0,559829840.0,12324687.0,208460029.0,21111480.0,22191246.0,1012777098.0,,56216680.0,22237066085.0,505399970.0,440480261.0,4655877519.0,,104569051.0,1376719905.0,-1112828707.0,-125730021.0,,,-659485828.0,22696685.0,-33028280.0,2845191268.0,187004996.0,-5560242.0,65241686.0,87389734.0,171753836.0,,4900526.0,1090328074.0,-113239195.0,1638843293.0,236329288.0,-236064752.0,1336822364.0,6021956536.0,1585909472.0,4900526.0,672555.0,10219495.0,123100731.0,1290357381.0,1508368904.0,419887132.0,-77828352.0,328023192.0,93777612.0,2455603496.0,54934813.0,-758537576.0,168420901.0,7569576.0,2525235758.0,626514.0,2876620034.0,98.55,0.71,0.38,0.16,0.21,21.6,99.86,0.14,0.0,0.0,0.0,17.02,95.44,2.17,1.49,0.79,0.11,8.03,1363338.09,330510.68,1277904.64,82255.46,97.81,1.08,0.68,0.36,0.07,2971753.41,13.66,45.88,207523.0,14506.0,77004.0,147574.0,1803462.0,6293.0,2125.0,81585.0,1073334.0,188.0,15765.0,1585465.0,1620488.0,1189065.0,3413.0,1,9.27,300000000.0,240.0,2.0,1,147.19,145000000.0,96.0,8.0,1,67.97,130000000.0,7.0,1,1,23.89,1000.0,6.0,1,1,26000.0,76000.0,3.0,1,120.78,120.78,0,0.0,8.0,1,1,6
00016,CITIBANK N.A.,extranjero,4252712440.0,,99580850.0,,142603.0,548088386.0,1104744507.0,-39754321.0,,305155090.0,320959244.0,3221227.0,390573096.0,383106.0,1683701.0,1459418029.0,,31069531.0,3108493709.0,309754121.0,125969562.0,2010410925.0,,174045440.0,1393659670.0,-157682727.0,-33689660.0,,,-413432090.0,13430086.0,216451425.0,1465306348.0,154607225.0,-6668999.0,92486638.0,1518163.0,132782923.0,,,398351706.0,80141.0,390888786.0,812752886.0,-137658598.0,507196089.0,2552404009.0,1700308431.0,,48197.0,16594.0,,,958110259.0,5492358.0,-52607994.0,64090683.0,10841861.0,717111829.0,-156270497.0,-1434988594.0,595563924.0,464664.0,769255159.0,,871112249.0,,,,,,,100.0,0.0,,0.0,,9.49,,,,,,,847509.09,,,54943.65,100.0,0.0,,0.0,,847509.09,9.49,100.0,,,,2081.0,714.0,,,,1179.0,56.0,47.0,,,,1059.0,0,,,,,0,,,,,0,,,,0,0,,,,0,0,,,,0,,,0,,,0,0,0
00017,BANCO BBVA ARGENTINA S.A.,extranjero,14486092511.0,68621326.0,633511468.0,-22417197.0,150144580.0,4569129641.0,2225621964.0,-212430079.0,,12069845918.0,2106954324.0,23338252.0,478514630.0,108704245.0,12603178.0,1762401617.0,,234418539.0,31317355057.0,764767332.0,784084062.0,9961696169.0,,1862633660.0,2816873683.0,-2094444014.0,-332106309.0,53417266.0,,-1138905552.0,47015726.0,-66875894.0,5076193430.0,554655844.0,-102076679.0,349231995.0,110735344.0,515883474.0,,44463797.0,1379222637.0,-328990098.0,3519456296.0,476629758.0,-526314044.0,1734316719.0,11907228110.0,2578864401.0,97881063.0,4560288.0,3423219.0,759593013.0,3309473565.0,3341876711.0,70239601.0,-167731920.0,646164404.0,47002611.0,7122612459.0,24252339.0,-1415780136.0,353242437.0,172191770.0,7117187883.0,964726.0,2600752068.0,99.08,0.27,0.2,0.2,0.25,3.27,99.9,0.0,0.09,0.01,0.0,0.54,95.64,1.82,1.39,1.06,0.08,8.26,3686324.98,813639.15,3157566.86,168847.25,98.06,0.78,0.64,0.46,0.06,7657531.0,4.02,48.14,866488.0,68687.0,386663.0,2239373.0,6437239.0,258673.0,5970.0,294253.0,3417520.0,4298.0,15230.0,5216767.0,4232586.0,5300275.0,6193.0,1,7.76,999999999.0,360.0,13.0,1,249.85,70000000.0,72.0,7.0,1,28.0,55000000.0,4.0,1,1,22.54,1000.0,12.0,1,1,22900.0,78900.0,49.0,1,106.41,106.41,1,28900.0,8.0,1,1,6
00020,BANCO DE LA PROVINCIA DE CORDOBA S.,publico,4231255382.0,54640853.0,24343733.0,-22009744.0,7941510.0,615217125.0,438069052.0,-33969866.0,,1325890554.0,580649878.0,,167159813.0,4843346.0,14674725.0,172611427.0,,3082519.0,1238438911.0,46160590.0,722742569.0,3097896822.0,,249832652.0,387371311.0,-1004199389.0,-60159444.0,,,-440597354.0,174553420.0,-64083959.0,1800987961.0,143003261.0,-20532990.0,449664052.0,28803245.0,157775036.0,,9527436.0,286513769.0,,652837757.0,168159068.0,-148429280.0,1173815525.0,3581794018.0,649461364.0,9527436.0,3344573.0,14957214.0,330379376.0,1477092111.0,627172436.0,14171415.0,-33136948.0,166021742.0,24651177.0,1865368812.0,105110167.0,-268941867.0,211392312.0,1228.0,1853239671.0,45266089.0,1401720264.0,99.33,0.24,0.12,0.26,0.05,10.95,97.5,1.24,0.0,1.26,0.0,6.47,97.35,1.26,0.64,0.59,0.16,32.28,383759.8,250989.32,1375577.61,33263.65,97.63,1.13,0.45,0.68,0.12,2010326.73,24.69,19.09,228749.0,2278.0,604251.0,623650.0,2812381.0,480784.0,1856.0,173398.0,1306587.0,8834.0,987.0,951566.0,733843.0,649318.0,2014.0,1,8.9,468092500.0,240.0,12.0,1,114.99,138720000.0,72.0,7.0,1,,,,0,1,25.37,100.0,17.0,1,0,14000.0,14000.0,3.0,1,369.88,369.88,1,4345.99,18.0,1,1,5
00027,BANCO SUPERVIELLE S.A.,privado_nacional,4291845949.0,94493198.0,79537627.0,1420822.0,96263082.0,1687785002.0,573268700.0,-52659890.0,,1591828310.0,838898084.0,61262033.0,155816064.0,14082050.0,4580588.0,386100742.0,647.0,27379816.0,1803269596.0,38216354.0,23087180.0,3173735660.0,,627605603.0,641673629.0,-958935129.0,-80475120.0,,,-475814812.0,122296694.0,-31996992.0,1873410070.0,148247850.0,-32690209.0,203050173.0,21685966.0,99999015.0,,8493.0,307264746.0,-13991812.0,654239538.0,76519382.0,-113147107.0,534440670.0,3623410809.0,668435140.0,8493.0,208394.0,1917670.0,285710093.0,898408761.0,1338969400.0,184075766.0,-48418781.0,98417508.0,40493718.0,2100465799.0,81241166.0,-250452994.0,95166440.0,20406639.0,2125246107.0,3231834.0,966718367.0,96.0,2.4,0.86,0.5,0.24,35.31,98.04,1.13,0.8,0.03,0.0,5.49,96.89,1.5,0.89,0.63,0.09,29.19,1075772.04,589900.18,819105.78,49855.76,97.18,1.55,0.84,0.34,0.09,2484778.0,20.38,43.29,172248.0,13835.0,613292.0,40840.0,1809646.0,801994.0,2015.0,48537.0,1861727.0,2113.0,28127.0,852390.0,2194419.0,674681.0,3056.0,1,18.39,99999999.0,180.0,54.0,1,176.31,75000000.0,72.0,48.0,1,49.65,85250000.0,16.0,1,1,23.6,100.0,20.0,1,1,0.0,83400.0,52.0,1,142.75,142.75,1,10800.0,11.0,1,1,6
00029,BANCO DE LA CIUDAD DE BUENOS AIRES,publico,6742856993.0,26246250.0,88910782.0,-124139.0,8471291.0,1141818622.0,958031998.0,-35548179.0,-885856.0,2328247941.0,1792643255.0,1518704.0,65875934.0,27037328.0,17643571.0,159200337.0,75906292.0,2840409.0,110599124.0,,129029000.0,4861000748.0,,508315315.0,1020968365.0,-1344869309.0,-80259261.0,,,-336143369.0,123743321.0,-123589807.0,3213198617.0,81691690.0,-1112906.0,437555460.0,14325651.0,75706858.0,,1985165.0,170713252.0,-17291116.0,445066644.0,1267287184.0,-200026481.0,1708590043.0,5121886493.0,1620970500.0,1985165.0,,,196359920.0,683681641.0,1504608574.0,13768731.0,-42179708.0,161232677.0,14465635.0,1781984550.0,360078597.0,-904700770.0,662938502.0,29.0,1811597272.0,12566957.0,2407286873.0,98.94,0.13,0.11,0.14,0.67,49.33,97.27,0.57,0.0,0.61,1.55,7.64,95.74,1.86,0.9,0.93,0.56,10.46,748157.13,183658.36,1062492.31,44047.23,96.61,1.22,0.49,0.74,0.94,1994307.79,12.98,37.51,270999.0,3827.0,90756.0,41350.0,1110007.0,177760.0,2122.0,163175.0,156963.0,19475.0,372.0,947908.0,1623054.0,785310.0,2446.0,1,10.36,300000000.0,240.0,68.0,1,127.33,40000000.0,72.0,12.0,1,63.21,28000000.0,2.0,1,1,20.75,100.0,24.0,1,0,26734.0,26734.0,42.0,1,125.3,125.3,0,6458.0,6.0,1,1,6
00034,BANCO PATAGONIA S.A.,privado_nacional,5962677163.0,4727745.0,857775631.0,-7260337.0,3915513.0,1714439772.0,1103923014.0,-22512816.0,,1543218972.0,345965184.0,19339703.0,143889837.0,6295435.0,1792498.0,287117748.0,301691942.0,45048454.0,5227155507.0,123339617.0,6572588.0,4133217770.0,,426286664.0,841925227.0,-1216142887.0,-93374016.0,24752582.0,,-369226149.0,19915538.0,-96021066.0,2561593350.0,155066308.0,-3425796.0,63951876.0,70538259.0,156043252.0,,25652805.0,355230041.0,-33722256.0,504183494.0,117894655.0,-185031638.0,782312943.0,4651468678.0,1311208485.0,50405387.0,31323.0,463139.0,197098693.0,1592373039.0,1779280407.0,,-18829873.0,155421755.0,6514476.0,2224674045.0,173563215.0,-717322052.0,207285471.0,184298261.0,2058525763.0,679894.0,2400451973.0,99.64,0.2,0.1,0.06,0.01,40.08,100.0,0.0,0.0,0.0,0.0,9.09,97.1,1.31,0.79,0.69,0.11,2.91,1711683.9,90090.9,673369.26,19171.31,99.2,0.36,0.22,0.19,0.03,2475144.05,8.54,69.15,277049.0,13516.0,83756.0,171296.0,2332198.0,233785.0,2910.0,82440.0,990614.0,758.0,,922702.0,2457134.0,617638.0,2875.0,1,13.24,140000000.0,360.0,3.0,1,129.55,30000000.0,60.0,2.0,1,,,,0,1,20.75,500.0,32.0,1,0,21250.0,21250.0,5.0,1,126.1,126.1,0,10436.25,1.0,1,1,5
00044,BANCO HIPOTECARIO S.A.,publico,2694106732.0,5483885.0,22744693.0,-4730609.0,13373404.0,251306293.0,400015107.0,-14435480.0,-26602.0,681041312.0,372392578.0,1160296.0,34336401.0,64892316.0,4436779.0,597116425.0,93486019.0,3587150.0,2474477380.0,6756842.0,4024195.0,1647480616.0,-7756849.0,13146054.0,245106694.0,-965819527.0,-32761456.0,15922709.0,,-208445712.0,39920655.0,-57035856.0,1520953925.0,69302859.0,-1236660.0,106791379.0,15408413.0,166753015.0,,112753099.0,389173998.0,,383328287.0,253668987.0,-87772674.0,789557067.0,2213605764.0,480500968.0,120918959.0,257812.0,443317.0,52565614.0,597583550.0,731396858.0,2743623.0,-14757418.0,83080261.0,9754818.0,603785839.0,80485861.0,-193586209.0,80485861.0,3294597.0,615246434.0,2226.0,1332934194.0,99.52,0.27,0.17,0.03,0.01,45.61,96.52,0.0,2.32,1.13,0.02,6.85,96.19,1.6,0.97,0.75,0.49,33.46,219413.08,28358.57,390368.01,14794.7,96.45,0.99,1.4,0.85,0.31,638139.66,24.85,34.38,70617.0,3919.0,53343.0,8434.0,776835.0,,469.0,52021.0,333400.0,8809.0,11.0,421350.0,1143871.0,339305.0,1484.0,1,13.24,250000000.0,180.0,6.0,1,16.08,100000000.0,72.0,5.0,1,,,,0,1,24.98,100.0,18.0,1,1,0.0,1787.17,12.0,1,172.36,172.36,1,10103.6,7.0,1,0,5
00045,BANCO DE SAN JUAN S.A.,publico,886318842.0,14363334.0,20699639.0,-6049826.0,30910288.0,152140626.0,180909186.0,-3915467.0,-651.0,177562711.0,57865299.0,8327058.0,46227048.0,834405.0,995746.0,19524999.0,43037069.0,3873948.0,247596863.0,5317500.0,163806414.0,626286329.0,,62696119.0,71639963.0,-195513043.0,-12420333.0,,,-85010175.0,5745822.0,3883685.0,405526327.0,20423429.0,-1770194.0,4652753.0,951188.0,32995039.0,,129060.0,27538354.0,,38436362.0,20536875.0,-24736414.0,209483229.0,687285799.0,199033043.0,129060.0,9190.0,,43622704.0,60974221.0,196043098.0,2649517.0,-2820346.0,52177492.0,466077.0,207765199.0,18105433.0,-90307109.0,18123857.0,7070506.0,170682245.0,32832794.0,434233335.0,99.27,0.21,0.33,0.09,0.1,11.31,100.0,0.0,0.0,0.0,0.0,3.17,95.88,2.28,0.9,0.85,0.09,0.08,166650.73,53548.35,76646.81,2927.35,98.8,0.63,0.29,0.24,0.04,296845.89,3.84,56.14,63090.0,678.0,109507.0,32853.0,490484.0,158262.0,165.0,13217.0,175806.0,30.0,64.0,118188.0,354701.0,106084.0,596.0,1,12.68,335970000.0,240.0,3.0,1,158.06,50000000.0,72.0,1.0,1,20.75,50000000.0,4.0,1,1,23.75,5000.0,6.0,1,0,33113.0,33113.0,1.0,1,108.9,108.9,0,10350.0,1.0,1,1,6
00065,BANCO MUNICIPAL DE ROSARIO,publico,321522482.0,7331928.0,4009514.0,1417311.0,1240193.0,58814052.0,75514363.0,-2157812.0,,153470132.0,88274925.0,1788063.0,6433045.0,671744.0,51056.0,15977153.0,,328115.0,90506450.0,,18690000.0,201622662.0,,18813298.0,50162517.0,-51154383.0,-12021172.0,,,-48678324.0,1998841.0,-3671764.0,143170179.0,16608793.0,-355174.0,4243286.0,838573.0,19539137.0,,814078.0,14501967.0,,29858879.0,17403330.0,-10219506.0,52724210.0,238023487.0,83498995.0,814078.0,,,48344364.0,64108685.0,90445969.0,666345.0,-2444649.0,19462569.0,2359721.0,106558570.0,7984632.0,-33532686.0,7984632.0,6017458.0,108996664.0,6555.0,110328189.0,98.99,0.63,0.16,0.07,0.15,6.52,100.0,,,,,29.15,94.19,2.69,1.8,0.89,0.43,1.16,6429.84,23410.78,89390.59,2492.39,95.44,2.14,1.38,0.68,0.35,119231.21,3.72,5.39,20975.0,353.0,41743.0,3224.0,283570.0,90795.0,12361.0,14009.0,151183.0,54.0,4741.0,151882.0,113989.0,63277.0,415.0,1,4.28,100000000.0,240.0,5.0,1,117.01,50000000.0,60.0,5.0,1,,,,0,0,28.08,1000.0,2.0,1,0,,,,0,123.2,123.2,0,14375.0,1.0,1,1,4
00072,BANCO SANTANDER ARGENTINA S.A.,extranjero,18416612350.0,376935846.0,441643096.0,3453808.0,91713619.0,7583797826.0,2491477878.0,-330490016.0,-604767.0,11521146010.0,3471150199.0,,694495690.0,75907065.0,15825924.0,1843907140.0,,240242405.0,20150120946.0,19000149.0,10328004.0,13228109816.0,,1269970723.0,4846072993.0,-2589306226.0,-433389595.0,,,-1346634137.0,97342489.0,-199673381.0,6390586473.0,956032185.0,-17010956.0,648221353.0,99886136.0,488781534.0,169269922.0,161418544.0,956426489.0,-131259544.0,3454777548.0,959829348.0,-975526530.0,2695461859.0,15001904535.0,3414707815.0,161418544.0,2389971.0,26068469.0,817160914.0,3395544204.0,3695124614.0,1096747637.0,-285907081.0,511160665.0,133248305.0,7557508022.0,790081200.0,-1235627706.0,923229937.0,28181471.0,7811701845.0,3531787.0,3215087652.0,97.15,1.39,0.44,0.95,0.08,38.39,99.52,0.14,0.29,0.05,,4.58,94.55,2.28,0.82,2.15,0.19,15.99,2555881.42,1999819.04,3655885.36,287496.32,96.73,1.4,0.56,1.2,0.11,8211585.82,17.89,31.13,1076881.0,94607.0,387484.0,1126869.0,10131998.0,265525.0,8562.0,311911.0,1019303.0,89997.0,135488.0,5003298.0,5929850.0,1873035.0,6058.0,1,9.92,999999999.0,240.0,2.0,1,127.33,50000000.0,72.0,7.0,1,61.65,57000000.0,24.0,1,1,19.92,500.0,45.0,1,1,11900.0,76777.0,61.0,1,123.41,123.41,1,7234.0,12.0,1,0,6
00083,BANCO DEL CHUBUT S.A.,publico,749478869.0,2144313.0,14486933.0,-691578.0,649237.0,136388925.0,180546839.0,-9519213.0,,304844061.0,109216858.0,630865.0,17975497.0,2647922.0,2396583.0,44580402.0,13087.0,,178592776.0,,,477201662.0,,45229526.0,60658447.0,-110880275.0,-10877097.0,,,-83766182.0,13125077.0,-14895344.0,365691772.0,17499839.0,-190464.0,6487527.0,2171933.0,27509032.0,,,21172545.0,,94864077.0,34614675.0,-22399499.0,90301391.0,526564340.0,222914529.0,,,,64295779.0,110300618.0,275390381.0,28613067.0,-7779049.0,34100860.0,681101.0,260498998.0,40970158.0,-115439565.0,42367690.0,1573651.0,266219944.0,484452.0,338205977.0,93.34,5.19,0.56,0.19,0.72,30.94,87.66,0.0,0.54,11.41,0.39,27.3,97.89,1.09,0.45,0.27,0.31,7.08,79502.21,55571.2,161340.1,8197.75,94.29,1.56,0.49,3.25,0.4,296413.51,16.98,26.82,97259.0,786.0,19128.0,8259.0,317010.0,37140.0,1111.0,22631.0,186624.0,885.0,1647.0,138180.0,338511.0,93165.0,750.0,0,10.47,180000000.0,180.0,1.0,1,118.0,40000000.0,60.0,6.0,1,55.55,0.0,4.0,1,1,28.08,1000.0,18.0,1,0,,,,0,111.01,111.01,0,2797.52,3.0,1,1,5
00086,BANCO DE SANTA CRUZ S.A.,publico,443406269.0,4753791.0,3910457.0,-727013.0,10660308.0,101832702.0,74951689.0,-3435332.0,-301.0,420239538.0,11260852.0,1842468.0,7808598.0,154313.0,394191.0,16388441.0,34579599.0,243670.0,31704150.0,4254000.0,101330442.0,307575775.0,,15226506.0,14937340.0,-141048203.0,-9264414.0,,,-52824062.0,370798.0,-1229427.0,247474403.0,17122606.0,-11475.0,3989351.0,991558.0,12369329.0,,,37903385.0,,62216894.0,23612648.0,-13775831.0,115367132.0,358486413.0,84919856.0,,126927.0,512909.0,66363734.0,63278384.0,132107271.0,313586.0,-2956029.0,30416590.0,125015.0,151387023.0,9968167.0,-35781244.0,9968167.0,2646417.0,151652537.0,44098.0,197860576.0,98.54,0.47,0.46,0.42,0.12,0.93,100.0,,,,,1.85,97.51,0.8,0.8,0.72,0.17,0.0,35568.95,80923.42,68291.88,3255.9,98.44,0.5,0.5,0.45,0.12,184784.24,0.76,19.25,70961.0,143.0,24385.0,13279.0,163238.0,20325.0,470.0,8212.0,124183.0,3.0,2.0,65734.0,159764.0,39411.0,265.0,1,14.36,335970000.0,240.0,1.0,1,154.37,50000000.0,72.0,1.0,1,29.03,50000000.0,4.0,1,1,23.15,5000.0,4.0,1,0,19781.0,19781.0,1.0,1,111.08,111.08,0,9000.0,1.0,1,1,6
00093,BANCO DE LA PAMPA SA,publico,1085317625.0,4658978.0,15472814.0,-10034250.0,3655002.0,181651364.0,284625921.0,-9655670.0,-58450.0,1493648.0,37915962.0,,23478448.0,3741456.0,3506833.0,88219911.0,22862.0,1006.0,106364138.0,,,683001364.0,,75166285.0,103553893.0,-226192033.0,-42369752.0,,,-108052733.0,5117958.0,-7320422.0,545185450.0,43087078.0,-672683.0,12944309.0,3682826.0,27732616.0,,,54724252.0,,130441855.0,54146015.0,-54598511.0,256825075.0,769506468.0,315811157.0,,861843.0,1143416.0,82115379.0,205555543.0,288360375.0,42765.0,-10527763.0,47035774.0,2904820.0,300034340.0,27002471.0,-162453158.0,31185236.0,5.0,310535982.0,26121.0,547893332.0,98.02,1.18,0.27,0.27,0.26,8.7,100.0,0.0,0.0,,,9.63,97.59,1.14,0.55,0.43,0.28,0.16,30254.28,172221.19,155400.07,14515.7,98.0,1.06,0.37,0.32,0.24,357875.54,5.07,8.45,83532.0,4061.0,61285.0,69612.0,515922.0,75302.0,2131.0,47112.0,328395.0,363.0,17.0,247675.0,248177.0,209514.0,763.0,0,,,,,0,107.05,10000000.0,60.0,42.0,1,,,,0,0,21.94,1000.0,8.0,1,1,23000.0,70000.0,168.0,1,110.98,110.98,1,0.0,60.0,1,1,4
00094,BANCO DE CORRIENTES S.A.,publico,844596590.0,1016941.0,17311921.0,-2568168.0,3506320.0,120669112.0,142077885.0,-5157235.0,-49378.0,693.0,258024707.0,3997596.0,100402572.0,1227027.0,191453.0,35052669.0,6836750.0,1245942.0,65293956.0,,,407064546.0,-707085.0,61814804.0,66459417.0,-89847590.0,-36067638.0,,,-107448614.0,4954747.0,-26272729.0,429623691.0,49672992.0,-180193.0,8507422.0,1990838.0,52008908.0,,707085.0,118462889.0,,90646986.0,79622234.0,-26988491.0,320732947.0,578558495.0,266038095.0,,1402636.0,200069.0,55077629.0,92069688.0,108890744.0,2647291.0,-5260421.0,76965538.0,822083.0,233639387.0,79553837.0,-109111438.0,123960210.0,1674.0,238163061.0,735073.0,277583949.0,92.85,3.52,1.38,1.1,1.16,5.54,99.76,0.0,0.0,0.24,0.0,8.09,96.41,1.36,1.07,0.81,0.35,2.03,56581.15,69762.26,130460.2,5465.34,96.18,1.65,0.92,0.76,0.49,256803.61,4.32,22.03,326491.0,674.0,213830.0,26737.0,819800.0,170518.0,564.0,32652.0,102969.0,205.0,70.0,142645.0,554157.0,130940.0,823.0,1,10.36,9999999999.0,180.0,1.0,1,123.2,15000000.0,60.0,2.0,1,91.93,99999999.0,1.0,1,0,22.14,1500.0,6.0,1,0,12671.52,12671.52,1.0,1,136.07,136.07,0,6790.62,1.0,1,1,6
00097,BANCO PROVINCIA DEL NEUQUÉN SOCIEDA,publico,1470999587.0,434210.0,9954421.0,-6443654.0,5221237.0,274089763.0,299234153.0,-7388239.0,-76928.0,596175956.0,47176517.0,17477903.0,11491473.0,2538060.0,1713191.0,77933871.0,7282588.0,,14436652.0,,22796032.0,961394044.0,,32619913.0,107323227.0,-168061030.0,-20039533.0,,,-133768854.0,1928618.0,-22976065.0,609864329.0,36852575.0,-353588.0,10558200.0,3269061.0,48547224.0,,,41090722.0,,83734160.0,61057081.0,-21390890.0,119505011.0,1069934430.0,401065157.0,,38697.0,9309346.0,116838784.0,138995637.0,490359318.0,8602370.0,-7284386.0,80778211.0,9593094.0,255270710.0,101831004.0,-180349452.0,101831004.0,1920439.0,257362296.0,5192800.0,931906838.0,98.62,0.75,0.21,0.2,0.22,42.62,100.0,,,,,12.92,91.43,4.69,2.14,1.38,0.35,3.64,28057.63,51050.71,211659.76,7511.1,93.52,3.55,1.59,1.04,0.29,290768.09,11.38,9.65,215543.0,2397.0,113902.0,12198.0,409365.0,89154.0,995.0,30151.0,427482.0,371.0,325.0,241991.0,479055.0,224998.0,1158.0,1,3.56,150000000.0,240.0,12.0,1,26.83,25000000.0,72.0,42.0,1,,,,0,1,20.75,1000.0,13.0,1,1,10715.76,42437.12,146.0,1,127.42,0.0,1,4950.11,33.0,1,1,5
00131,BANK OF CHINA LIMITED SUCURSAL BUEN,extranjero,25260770.0,764274.0,,,,9844120.0,98505054.0,,,16269619.0,16269619.0,,1121261.0,,22009.0,,,,,,,9964728.0,,,4831744.0,-5788079.0,-22161.0,,,-7081974.0,,,13138135.0,209538.0,,,120608.0,4632779.0,,,867486.0,,-220652.0,1103250.0,-1439155.0,5156.0,15489439.0,9771331.0,,,,,,13132979.0,,,1785535.0,24446.0,,-9903527.0,-10160343.0,-88733723.0,,9964728.0,,15654706.0,,,,,,,100.0,,,,,,,,,,,,16269.62,,,24.45,100.0,,,,,16269.62,,100.0,,,,,53.0,,,,,,,,,,34.0,0,,,,,0,,,,,0,,,,0,0,28.02,10000.0,1.0,1,0,,,,0,,,0,,,0,0,1
00143,BRUBANK S.A.U.,privado_nacional,204294617.0,3583177.0,,,,127672649.0,73465964.0,-2526520.0,,30.0,570409.0,,9224225.0,360776.0,406862.0,188.0,,,29905846.0,,,140256938.0,,,39932271.0,-19956431.0,-13900748.0,,,-30294101.0,,1867682.0,53143768.0,8650240.0,,2322133.0,429721.0,3497714.0,,,45506028.0,,13541876.0,46376242.0,-6413973.0,4791678.0,189967165.0,14327452.0,,41822.0,674182.0,24903937.0,11940819.0,48352090.0,,-1846565.0,1492914.0,32303.0,38921381.0,-9246527.0,-7375888.0,-59138512.0,,40767946.0,,64722585.0,100.0,0.0,0.0,0.0,,,,,,,,,86.42,5.18,5.31,2.92,0.17,0.0,,5917.07,40916.15,1985.78,88.13,4.53,4.64,2.55,0.15,46833.22,0.0,87.37,11080.0,6073.0,504404.0,,6476342.0,,,37264.0,3549.0,,,67124.0,3639305.0,64251.0,336.0,1,12.68,250000000.0,360.0,20.0,1,349.05,16706000.0,48.0,6.0,1,,,,0,1,24.36,50.0,11.0,1,0,,,,0,154.28,154.28,0,6600.0,2.0,1,0,4
00147,BIBANK S.A.,privado_nacional,121437801.0,2054784.0,16763093.0,-14233.0,272226.0,2101119.0,26272003.0,-268929.0,-60.0,12115642.0,19722028.0,,19927216.0,452236.0,79226.0,16617985.0,,332038.0,68923272.0,7739448.0,4167475.0,59138391.0,,9243149.0,4296431.0,-31090926.0,-1097677.0,,,-14121709.0,,2576011.0,46608966.0,415517.0,-346529.0,502701.0,801626.0,2729818.0,,,32271684.0,-9503.0,8428389.0,34005022.0,-12412328.0,18399932.0,94139922.0,27297879.0,,,,2020.0,27517645.0,28209034.0,3668.0,-318075.0,6817550.0,29.0,25835734.0,1016373.0,-3702446.0,1025876.0,,26153809.0,3671627.0,28228838.0,98.77,0.0,0.0,1.23,0.0,0.0,99.85,0.0,0.0,0.02,0.13,7.9,74.4,0.0,0.0,0.0,25.6,20.81,25978.09,2698.78,10.33,318.69,99.74,0.0,0.0,0.14,0.13,28687.19,7.16,90.56,,,,444.0,259.0,,103.0,11.0,284.0,,15.0,,,,112.0,0,,,,,0,,,,,0,,,,0,1,26.83,1000.0,13.0,1,0,,,,0,,,0,,,0,0,1
00165,"JPMORGAN CHASE BANK, NATIONAL ASSOC",extranjero,475868442.0,,66426778.0,,1471204.0,105210451.0,340661458.0,-2419.0,,73222.0,,,11546206.0,,108.0,9013655.0,,,4285321.0,35941325.0,18196780.0,115414699.0,,,15850724.0,-31748524.0,-728557.0,,,-50911070.0,,-21390456.0,296681340.0,25573917.0,,156444.0,1127203.0,14548245.0,,,2575113.0,,34477.0,15218669.0,-13493966.0,177894295.0,133166708.0,342701734.0,,,,,,118787045.0,,-2121.0,4664090.0,628651.0,66581101.0,2040276.0,-217495822.0,2040276.0,28913.0,66583222.0,,360536448.0,,,,,,,100.0,,,,,,,,,,,,66583.22,,,2.12,100.0,,,,,66583.22,,100.0,,,,38.0,71.0,,,,4.0,,,,,,173.0,0,,,,,0,,,,,0,,,,0,0,21.0,20000000.0,1.0,1,0,,,,0,,,0,,,0,0,1
00191,BANCO CREDICOOP COOPERATIVO LIMITAD,privado_nacional,7590623588.0,11089119.0,50992566.0,-2261247.0,11464496.0,1315013275.0,2130925596.0,-24555336.0,-131954.0,2946828809.0,1148820888.0,18837264.0,30329615.0,9567593.0,18021495.0,811182971.0,,94200451.0,2910777982.0,,,4660565276.0,,1005861497.0,986175214.0,-1401722194.0,-19580008.0,,,-634021972.0,26531234.0,,3743905136.0,203333604.0,-34413245.0,73555378.0,53652642.0,96187930.0,,122199437.0,203327893.0,-28405606.0,339297675.0,335440384.0,-188877120.0,134001967.0,4994522686.0,2596100902.0,122199437.0,146795.0,102304.0,82640561.0,2230278691.0,3609903169.0,40719848.0,-27243125.0,314161351.0,34339283.0,1556719356.0,436769700.0,-1398608889.0,465175306.0,3965.0,1582792313.0,1166203.0,4204060557.0,99.82,0.07,0.04,0.06,0.02,12.41,99.98,0.0,0.0,0.02,0.0,12.37,98.12,0.66,0.47,0.52,0.23,13.23,532606.89,810973.68,305977.0,27891.08,99.56,0.16,0.1,0.13,0.05,1649557.56,12.55,32.29,283587.0,28240.0,65542.0,411052.0,3420673.0,372146.0,9794.0,123227.0,705373.0,844.0,1948.0,1092390.0,1390809.0,661566.0,4590.0,1,13.24,200000000.0,240.0,48.0,1,112.98,50000000.0,60.0,10.0,1,151.94,20000000.0,6.0,1,1,21.34,0.0,65.0,1,1,23595.0,71995.0,20.0,1,129.55,129.55,1,0.0,9.0,1,1,6
00198,BANCO DE VALORES S.A.,privado_nacional,1330038455.0,437958.0,31404076.0,,179609.0,598522040.0,115115686.0,-3323335.0,,144813363.0,36181556.0,,14967584.0,42731.0,491775.0,350100881.0,562812072.0,8788281.0,7932496709.0,1080500.0,,1126318095.0,,36838511.0,517271404.0,-340584455.0,-3848168.0,,,-44423337.0,,-8705567.0,494992368.0,15964493.0,-10669.0,921533.0,12084228.0,22865898.0,,6146367.0,43038981.0,-2486064.0,42006859.0,48688915.0,-39700501.0,58158264.0,1193742574.0,136295881.0,6146367.0,,,,99419241.0,436834104.0,,-2218564.0,8733821.0,1519600.0,212369309.0,18694131.0,-87015188.0,21180195.0,103427563.0,111160310.0,,521243488.0,99.98,0.01,0.01,0.0,0.0,2.4,100.0,,,0.0,,0.0,100.0,0.0,,,,0.0,318443.19,2150.22,880.33,3408.15,100.0,0.0,0.0,0.0,0.0,321473.73,0.02,99.06,,,,1528.0,2102.0,,66.0,15.0,1046.0,42.0,,,,,251.0,0,,,,,0,,,,,0,,,,0,0,,,,0,0,,,,0,,,0,,,0,0,0
00247,BANCO ROELA S.A.,privado_nacional,109243044.0,,684143.0,,512615.0,2504743.0,50183989.0,-287427.0,,,329409.0,,8133203.0,26343.0,60027.0,28662314.0,,38164.0,17953632.0,,,35492860.0,,,1372047.0,-5285555.0,-1518283.0,,,-12994600.0,220862.0,-1216007.0,50660394.0,13281675.0,,35366.0,45357.0,12530690.0,,,1868568.0,,643602.0,2493397.0,-2612234.0,26394362.0,50617411.0,58625633.0,,522489.0,725293.0,2330.0,3614249.0,24266032.0,72260.0,-38159.0,13706206.0,,1620404.0,8441644.0,-31162087.0,8441644.0,,1658563.0,365382.0,80882683.0,99.51,0.11,0.05,0.08,0.25,4.26,100.0,,,,,0.09,99.24,0.21,0.04,0.09,0.42,12.92,19698.93,6804.72,170.77,288.07,99.87,0.03,0.01,0.02,0.07,26674.41,1.23,73.85,3475.0,2145.0,,22578.0,7861.0,,289.0,699.0,1609.0,12.0,6.0,766.0,8977.0,556.0,189.0,0,,,,,0,109.01,1500000.0,12.0,24.0,1,,,,0,0,19.56,1.0,12.0,1,0,,,,0,126.6,0.0,1,5358.73,6.0,1,1,3
00254,BANCO MARIVA S.A.,privado_nacional,521661561.0,1490704.0,72665932.0,-30112.0,8625984.0,154502230.0,116580006.0,-1535694.0,,20480059.0,38065925.0,,41566710.0,33483.0,316027.0,23076717.0,,564849.0,1615790902.0,22195055.0,4186376.0,208299568.0,,638263.0,28737412.0,-97019886.0,-1994720.0,,,-29885876.0,,4902072.0,165386074.0,4490255.0,-19084.0,3369283.0,3988137.0,14928642.0,,60249501.0,164965095.0,,27733883.0,94419408.0,-56100847.0,93193596.0,388194312.0,133467249.0,60249501.0,,,17212.0,26621340.0,72192478.0,2363.0,-1582603.0,14497051.0,1007.0,112857387.0,16887243.0,-50262434.0,16887243.0,10062250.0,104377740.0,,159217404.0,96.1,0.0,0.0,0.0,3.9,1.82,100.0,,,0.0,,1.01,83.46,,0.0,0.01,16.53,0.0,116093.77,13565.21,101.0,1596.16,99.58,0.0,0.0,0.0,0.42,129759.98,1.09,89.47,205.0,8.0,,617.0,1618.0,,156.0,98.0,281.0,,6.0,,1040.0,,196.0,0,,,,,0,,,,,0,63.23,10000000.0,1.0,1,0,28.36,1000.0,6.0,1,0,,,,0,,,0,,,0,0,2
00266,BNP PARIBAS,extranjero,140150760.0,144319.0,3640581.0,,,1698104.0,67520078.0,-7803.0,,274945.0,64196412.0,,40990578.0,,8526.0,16933733.0,,63463483.0,253630986.0,174688641.0,167082037.0,45222653.0,,,7228986.0,-24056275.0,-993768.0,,,-29153789.0,,-5933514.0,99382540.0,14730686.0,,,553644.0,14460993.0,,,1634323.0,21393.0,34252.0,49650693.0,-5668103.0,57088788.0,61436777.0,78713983.0,,4.0,,,26000000.0,42293752.0,,,1971341.0,118808.0,21693163.0,12609136.0,-43263428.0,11193905.0,18052582.0,3640581.0,,18471676.0,,,,,,,100.0,,,,,,100.0,,,,,,22172.9,,0.3,7.0,100.0,,,,,22173.2,,100.0,,,,69.0,71.0,,2.0,,1.0,,,,,,81.0,0,,,,,0,,,,,0,,,,0,0,,,,0,0,,,,0,,,0,,,0,0,0
00268,BANCO PROVINCIA DE TIERRA DEL FUEGO,publico,377163540.0,1357188.0,301895.0,-85916.0,13570455.0,47454585.0,107021178.0,-2074957.0,-1072.0,128371091.0,16174906.0,,62581799.0,401357.0,275558.0,16599367.0,,200521.0,2515291.0,,,205028862.0,,7725922.0,12332050.0,-43555435.0,-4792742.0,,,-44151842.0,1527631.0,-657943.0,189272231.0,13772188.0,-22432.0,15063745.0,469056.0,7680416.0,,,16574820.0,,48919403.0,18837147.0,-4204965.0,132252541.0,230966196.0,146197344.0,,18546.0,883495.0,48271322.0,23255494.0,57019690.0,232131.0,-3174699.0,24537769.0,798603.0,118759651.0,36326342.0,-71385023.0,39176166.0,599.0,121932629.0,1122.0,125168935.0,97.98,1.01,0.14,0.64,0.23,17.88,20.23,,,,79.77,20.19,97.59,1.22,0.34,0.58,0.28,0.45,1441.34,11610.05,108979.08,3185.32,96.71,1.18,0.32,0.57,1.21,122030.47,2.34,1.18,41656.0,1034.0,25550.0,2025.0,85418.0,12123.0,534.0,6514.0,30845.0,346.0,38.0,71870.0,77407.0,29463.0,334.0,1,8.3,187929000.0,360.0,1.0,1,107.97,6000000.0,60.0,2.0,1,94.68,30000000.0,1.0,1,0,23.04,1.0,14.0,1,1,20930.0,66279.0,4.0,1,128.71,128.91,1,9739.0,10.0,1,1,6
00269,BANCO DE LA REPUBLICA ORIENTAL DEL,extranjero,9451028.0,,197.0,,45759.0,2336563.0,33345178.0,-1102.0,,4803.0,174543.0,,108047.0,167587.0,612.0,432555.0,,,2973412.0,,,2990559.0,,23402.0,2644279.0,-51874.0,-416426.0,,,-2759648.0,,7995.0,855914.0,290656.0,,827.0,323.0,562318.0,,,53531.0,,49419.0,230270.0,-40819.0,320435.0,3606408.0,5844620.0,,,,8238.0,109223.0,535479.0,,-874.0,1947250.0,,231390.0,-3007651.0,-957522.0,-27500558.0,150181.0,82083.0,,4244033.0,100.0,,,,,,100.0,,,,,,99.56,0.0,0.44,0.0,0.0,,164.58,21.64,50.86,0.87,99.91,0.0,0.09,0.0,0.0,237.08,,69.42,36.0,6.0,,48.0,2568.0,,,18.0,130.0,,,120.0,2354.0,58.0,22.0,0,,,,,0,103.18,30000.0,12.0,1.0,1,,,,0,0,14.94,2000.0,1.0,1,0,,,,0,166.31,166.31,0,100.1,1.0,1,0,3
00277,BANCO SAENZ S.A.,privado_nacional,62436757.0,858206.0,14808.0,-45492.0,7825.0,2891223.0,17722295.0,-2193883.0,,1191225.0,224383.0,,2154415.0,691456.0,243893.0,18365374.0,,95067.0,8609997.0,,,33582701.0,,890148.0,4215297.0,-18693507.0,-91133.0,,,-11959170.0,,584546.0,46415955.0,618812.0,,1917800.0,538984.0,2119303.0,132243.0,,5283216.0,,1719032.0,4354196.0,-3191089.0,5061687.0,42246306.0,20190451.0,,,,17788271.0,11740960.0,41354268.0,,-2761990.0,17133.0,1128843.0,33448914.0,2468156.0,-11898728.0,2468156.0,13926337.0,22284567.0,,17380771.0,99.99,,0.0,0.0,0.01,,100.0,,,,0.0,,85.7,5.27,3.82,4.23,0.98,,17506.47,68.49,20031.94,2778.53,92.38,2.81,2.03,2.25,0.52,37606.9,,46.55,174.0,1.0,,206.0,683.0,,37.0,36.0,53730.0,,,5360.0,557.0,5036.0,62.0,0,,,,,0,494.63,3750000.0,24.0,6.0,1,,,,0,1,24.36,1.0,3.0,1,0,,,,0,,,0,,0.0,1,0,3
00281,BANCO MERIDIAN S.A.,privado_nacional,37621387.0,143181.0,375220.0,-16260.0,20397.0,7662772.0,10456733.0,-113436.0,,2364425.0,6247140.0,2065640.0,866053.0,1144196.0,25075.0,4440510.0,,316706.0,18460533.0,,,18193749.0,,1844625.0,5771289.0,-3732147.0,-244740.0,,,-8743530.0,,203920.0,11823011.0,2132262.0,-57439.0,38191.0,100607.0,2687722.0,,,6244041.0,-1518221.0,1356639.0,1909297.0,-1038718.0,6869698.0,27148920.0,10472467.0,,1.0,23263.0,,5445760.0,4953313.0,,-75805.0,9288684.0,145.0,3986456.0,-1502487.0,-1277758.0,15734.0,521285.0,3540976.0,,13570389.0,98.35,0.14,1.42,0.07,0.01,57.66,100.0,0.0,0.0,0.0,,41.35,97.09,0.0,2.59,0.12,0.19,0.0,5361.14,3873.1,189.0,112.78,99.26,0.06,0.64,0.03,0.01,9423.24,47.22,56.89,83.0,15.0,,412.0,1138.0,,31.0,562.0,574.0,,,453.0,882.0,453.0,76.0,0,,,,,0,,,,,0,99.38,32000000.0,1.0,1,1,34.5,10000.0,2.0,1,0,,,,0,87.8,,1,7000.0,1.0,1,1,3
00285,BANCO MACRO S.A.,privado_nacional,14178945690.0,143933701.0,527491419.0,-14854561.0,131044729.0,4022468959.0,3735403761.0,-109135361.0,,4239780917.0,1882559194.0,16010700.0,333020984.0,32216067.0,9311575.0,944085315.0,,181059707.0,10477205018.0,89203797.0,2328902987.0,8403442909.0,,986565777.0,2616967892.0,-2316141647.0,-291624203.0,45602531.0,,-1161686251.0,201497236.0,-3416989.0,5820096064.0,578033602.0,-35595080.0,450603906.0,106499723.0,320692386.0,419379179.0,231131280.0,963811913.0,-97426403.0,2400379292.0,473416519.0,-504713066.0,3626969431.0,10129428138.0,4049517552.0,276733811.0,15515745.0,5196975.0,1108165873.0,2571757623.0,2193126633.0,120188172.0,-122297370.0,787160279.0,16904776.0,5752085056.0,226716653.0,-2268700132.0,314113791.0,62949039.0,5744442034.0,66991353.0,3633056274.0,98.86,0.44,0.3,0.24,0.16,31.54,98.93,0.18,0.0,0.3,0.6,14.66,96.99,1.32,0.9,0.6,0.18,6.91,1735833.18,1115944.72,3298177.91,123405.7,97.88,0.84,0.54,0.45,0.3,6149955.8,13.57,28.23,1132891.0,46252.0,1066102.0,877661.0,7488943.0,1248656.0,15636.0,342981.0,4130965.0,79305.0,6370.0,3325651.0,7208047.0,1880825.0,8788.0,1,12.13,9999999999.0,240.0,15.0,1,9.38,10000000.0,72.0,16.0,1,,,,0,1,22.54,1.0,11.0,1,1,14943.5,78480.6,28.0,1,112.7,112.7,1,15972.0,14.0,1,1,5
00299,BANCO COMAFI SOCIEDAD ANONIMA,privado_nacional,2293218545.0,12059707.0,138592668.0,-2074466.0,80404387.0,561550080.0,267363855.0,-10346966.0,,117704877.0,272914262.0,101613692.0,61635289.0,9730185.0,796451.0,532806590.0,,,354542980619.0,633928314.0,607426343.0,1481612757.0,,53279515.0,490619542.0,-550517803.0,-15866195.0,,,-219097092.0,634473.0,-8915286.0,960005908.0,67804803.0,-2955982.0,13402395.0,7595357.0,92114598.0,,423935.0,398738539.0,-9311891.0,471143205.0,241677300.0,-70828066.0,316471204.0,1974659974.0,318558571.0,423935.0,42980.0,53939.0,19887265.0,366912199.0,643534704.0,2255909.0,-9971088.0,60889431.0,2140141.0,800538802.0,41882825.0,-164218698.0,51194716.0,116331992.0,694164982.0,12916.0,443313480.0,99.02,0.12,0.5,0.29,0.08,29.74,99.78,0.17,0.0,0.03,0.03,6.85,95.77,1.51,1.18,1.38,0.17,8.4,819056.2,141367.39,105959.92,12922.78,99.28,0.29,0.18,0.2,0.05,1066383.51,10.04,76.81,34417.0,3762.0,122542.0,54047.0,493123.0,75070.0,575.0,20087.0,189970.0,7.0,36.0,306286.0,262563.0,186623.0,1515.0,1,11.0,350000000.0,240.0,6.0,1,151.94,100000000.0,60.0,6.0,1,,,,0,0,23.15,500.0,8.0,1,1,9102.23,79890.25,30.0,1,122.2,122.2,1,8372.38,9.0,1,0,5
00300,BANCO DE INVERSION Y COMERCIO EXTER,publico,1309452778.0,1564661.0,,-129117.0,9731223.0,,472895080.0,-3111238.0,,423436688.0,1794638285.0,29656698.0,28621553.0,55939725.0,8258875.0,,6102991871.0,1235495.0,13609387.0,,,569072527.0,,141225111.0,34574602.0,-250746186.0,-1244047.0,,,-53606261.0,69278604.0,-9857059.0,624763586.0,3554827.0,-370375.0,5462321.0,6146155.0,39234767.0,,48974093.0,208114498.0,-4915204.0,1602997.0,11922632.0,-24081232.0,311338118.0,817410840.0,492041938.0,48974093.0,15666.0,,,415441424.0,313425468.0,3456180.0,-3692885.0,2967829.0,989048.0,328247600.0,14231651.0,-301625100.0,19146858.0,103779413.0,220525721.0,7635351.0,813176221.0,99.67,0.17,0.03,0.05,0.07,71.54,98.34,1.25,0.0,0.39,0.02,28.7,,,,,,,266838.88,105832.32,,4604.57,98.72,0.94,0.01,0.3,0.03,372671.2,40.86,71.6,,,,,,,82.0,,5543.0,2405.0,112.0,,,,344.0,0,,,,,0,,,,,0,,,,0,0,,,,0,0,,,,0,,,0,,,0,0,0
00301,BANCO PIANO S.A.,privado_nacional,318004584.0,149407.0,3291032.0,,3534007.0,135874796.0,44735845.0,-1450176.0,,511923.0,2075955.0,,5135030.0,918071.0,349590.0,39612746.0,,140801.0,147120232.0,907014.0,,231559507.0,,2832996.0,101744595.0,-48145442.0,-4468924.0,,,-66473815.0,,1487997.0,137202121.0,15236161.0,,4653351.0,496690.0,10144048.0,,,23466483.0,,413000.0,21795676.0,-7671454.0,16473830.0,265208107.0,52796477.0,,,,43827705.0,50242658.0,120728291.0,,-1298673.0,13442472.0,38069.0,53719411.0,8060632.0,-21647364.0,8060632.0,3238.0,55018084.0,,118483986.0,99.96,0.03,0.01,,,,100.0,,0.0,,,,91.6,3.11,2.01,2.16,1.12,,28342.49,478.09,51729.28,1383.27,94.6,2.0,1.29,1.39,0.72,80549.86,,35.19,,,92186.0,96487.0,372699.0,337667.0,18.0,12040.0,8.0,,,,443793.0,,611.0,0,,,,,0,89.0,12171000.0,60.0,4.0,1,,,,0,0,25.66,1000.0,10.0,1,0,,,,0,,,0,,,0,0,2
00305,BANCO JULIO SOCIEDAD ANONIMA,privado_nacional,36162472.0,17702.0,3774496.0,,2113051.0,3747640.0,11441498.0,-165944.0,-415.0,170000.0,7249264.0,403113.0,699010.0,55106.0,119393.0,10274051.0,,637537.0,612626.0,5648000.0,1695219.0,17782232.0,,8294742.0,3881847.0,-3813944.0,-105350.0,,,-7325167.0,233156.0,464087.0,15529357.0,1322633.0,-211197.0,774538.0,140489.0,1405742.0,,752.0,4641304.0,,279573.0,8634972.0,-1221366.0,6259683.0,23891351.0,12271121.0,752.0,61.0,62073.0,3352.0,2632067.0,9269674.0,202821.0,-187472.0,1442670.0,,13163594.0,-718465.0,-6481406.0,829623.0,,13351066.0,424087.0,5805700.0,96.26,3.36,0.0,0.0,0.38,6.4,100.0,,,,,2.4,100.0,,,,,,2463.46,11464.53,3.21,191.64,96.92,2.76,0.0,0.0,0.31,13931.2,5.69,17.68,,,,510.0,819.0,,40.0,105.0,634.0,2.0,4.0,,,,83.0,0,,,,,0,127.77,1000000.0,36.0,2.0,1,,,,0,0,25.59,500.0,8.0,1,0,,,,0,,,0,,,0,0,2
00309,BANCO RIOJA SOCIEDAD ANONIMA UNIPER,publico,223566104.0,6525838.0,8607863.0,-706.0,4040749.0,34772753.0,73974421.0,-5236246.0,-85000.0,707849.0,80311273.0,,7142276.0,136979.0,240553.0,3801306.0,259157500.0,,2934680.0,,,140251044.0,,12614801.0,10112013.0,-14844698.0,-2710282.0,,,-47158232.0,6718813.0,992669.0,88545903.0,5901909.0,-255509.0,2199731.0,330831.0,8018942.0,,,2225362.0,,13476488.0,15378402.0,-2281135.0,16743484.0,151354840.0,72211264.0,,118660.0,852334.0,46217337.0,16489290.0,71802419.0,9688.0,-4862227.0,32328353.0,7158.0,84671710.0,-2733851.0,-26186253.0,-1763157.0,910.0,89503506.0,30431.0,63248103.0,81.27,1.64,2.99,9.93,4.18,39.41,85.91,0.06,0.19,0.0,13.84,42.07,94.28,3.17,1.52,0.82,0.2,0.04,37005.66,6018.99,57894.23,7077.06,90.44,1.94,1.12,1.06,5.44,100918.88,17.8,36.67,99511.0,235.0,33632.0,1594.0,213765.0,59945.0,61.0,6171.0,72646.0,16.0,2.0,23235.0,229679.0,23235.0,346.0,0,,,,,0,110.96,5000000.0,72.0,2.0,1,,,,0,1,24.42,1000.0,3.0,1,0,,,,0,141.27,141.27,1,4210.0,7.0,1,1,3
00310,BANCO DEL SOL S.A.,privado_nacional,227931677.0,43103871.0,742855.0,4558126.0,,16240336.0,139927254.0,-5244439.0,,1164840.0,87161610.0,,4076335.0,567924.0,1270593.0,102188070.0,,,715982.0,,7414022.0,159335030.0,,98209863.0,27540800.0,-26383406.0,-3290552.0,,,-48208526.0,5890649.0,-762088.0,76155949.0,1285322.0,-42390821.0,6848234.0,1072622.0,8221607.0,,,3185701.0,,2921484.0,3040481.0,-4846826.0,15229076.0,170750007.0,57181670.0,,989.0,1715.0,18102593.0,22850405.0,60926873.0,39054418.0,-2274735.0,1174334.0,5954.0,131662666.0,-9304761.0,-4008624.0,-82745584.0,,133937401.0,16831911.0,17332201.0,97.38,0.69,0.36,1.24,0.33,23.66,100.0,,,,,38.31,93.96,4.46,1.04,0.46,0.08,39.99,9588.09,31129.29,95788.99,2340.33,95.16,3.29,0.81,0.61,0.13,136506.37,36.15,7.02,3537.0,399.0,,945.0,181244.0,,18.0,3821.0,121267.0,1.0,5210.0,13393.0,431151.0,13142.0,260.0,1,13.24,250000000.0,240.0,2.0,1,129.47,9000000.0,48.0,3.0,1,45.37,40000000.0,4.0,1,1,27.46,1.0,34.0,1,0,,,,0,150.42,150.42,1,15000.0,4.0,1,0,5
00312,BANCO VOII S.A.,privado_nacional,92205226.0,1340101.0,389.0,5311905.0,,2779266.0,12426452.0,-85351.0,,1650000.0,,,2020242.0,229645.0,84116.0,15627739.0,,4077.0,62085909.0,158850.0,,71010784.0,,80590.0,925024.0,-29029332.0,-2693578.0,,,-13447111.0,,-2484402.0,38424910.0,990553.0,,1103839.0,871909.0,4395708.0,,,1025883.0,,158235.0,27153374.0,-6447740.0,22342658.0,76871739.0,15333487.0,,,,13694975.0,38988967.0,16082252.0,,-164839.0,8986660.0,439364.0,20185094.0,2907035.0,14860150.0,2907035.0,3386.0,20349933.0,12706115.0,31594731.0,0.0,,,,,,99.55,0.0,0.0,0.45,,,97.25,0.9,1.24,0.51,0.11,,1846.94,0.0,17353.17,174.1,97.47,0.81,1.12,0.5,0.1,19200.11,,9.62,,,,94.0,164.0,,75.0,2906.0,56181.0,,,,,,66.0,0,,,,,0,161.04,18000000.0,48.0,19.0,1,,,,0,1,31.25,1000.0,11.0,1,0,,,,0,,,0,,,0,0,2
00315,BANCO DE FORMOSA S.A.,publico,648600325.0,7451901.0,5510678.0,65156.0,,53780374.0,120370314.0,-2967708.0,-1934.0,,101260933.0,215535.0,14023014.0,2103417.0,1154836.0,28440905.0,822812.0,,9190166.0,,,456845293.0,,11599618.0,80062525.0,-64495960.0,-1538607.0,,,-106574006.0,1657415.0,-11931924.0,272136117.0,13259811.0,-107877.0,4178432.0,563213.0,34669720.0,,3171324.0,16767653.0,,24954846.0,43576790.0,-38370030.0,108675288.0,508755485.0,139844840.0,3171324.0,15964.0,125998.0,50744480.0,30560358.0,163460829.0,4746892.0,-2422117.0,18374744.0,346821.0,102930036.0,19474526.0,-79539796.0,19474526.0,2004356.0,103347706.0,91.0,378778492.0,94.07,2.28,1.62,0.77,1.26,13.62,100.0,,,,,18.73,96.02,1.47,1.22,0.97,0.31,6.35,3877.2,29782.55,77382.55,2503.75,95.64,1.63,1.29,0.88,0.56,111042.3,8.74,3.49,65786.0,298.0,117063.0,36523.0,453545.0,282104.0,413.0,8417.0,145706.0,23.0,1920.0,87845.0,444513.0,87845.0,541.0,0,,,,,0,90.16,8000000.0,36.0,10.0,1,24.36,40000000.0,35.0,1,0,25.59,500.0,4.0,1,1,11660.0,49511.0,16.0,1,101.27,101.27,0,15730.0,2.0,1,0,5
00319,BANCO CMF S.A.,privado_nacional,598468180.0,,76428041.0,-354950.0,250671.0,220967386.0,114322293.0,-7353282.0,,62675521.0,294742008.0,1598049.0,6548912.0,608887.0,1108575.0,35720076.0,909644.0,7990299.0,171861466.0,21970197.0,4413938.0,321483267.0,,78664560.0,69706772.0,-126609095.0,-2565647.0,34791350.0,,-42151318.0,,-17950463.0,292374611.0,6461921.0,-3897882.0,2535620.0,1041768.0,19000978.0,,11665999.0,83390497.0,-23358750.0,40377527.0,33464868.0,-19175275.0,95597653.0,423874742.0,174593438.0,46457349.0,,,,46666990.0,196776958.0,177965.0,-7696341.0,23674700.0,,204217068.0,19124667.0,-70436421.0,60271145.0,17982528.0,193930881.0,,212549791.0,99.91,0.08,0.01,0.0,,1.97,99.98,0.0,0.0,0.02,,2.82,100.0,,,0.0,,0.0,294981.11,24685.98,0.0,8082.07,99.98,0.01,0.0,0.02,,319667.09,2.76,92.28,4.0,1.0,,1007.0,2042.0,,34.0,368.0,55.0,,1.0,90.0,,90.0,194.0,0,,,,,0,,,,,0,,,,0,1,25.9,1.0,8.0,1,0,,,,0,,,0,,,0,0,1
00321,BANCO DE SANTIAGO DEL ESTERO S.A.,publico,1332783837.0,1461629.0,2500183.0,-2165344.0,8432769.0,108940964.0,369847393.0,-7642806.0,,1294.0,50910283.0,,25076779.0,34977.0,147550.0,28883629.0,1086989.0,,84824617.0,,,760208583.0,,1608104.0,126726682.0,-157531134.0,-20276183.0,,,-89795486.0,,-25010405.0,550935634.0,39112138.0,-19499.0,5704896.0,1233430.0,64570079.0,,367909.0,6747118.0,,105713807.0,19079044.0,-9487598.0,58561722.0,839382688.0,493401149.0,367909.0,2874362.0,7810078.0,61120184.0,81929460.0,492373912.0,,-9107239.0,76711364.0,46830.0,180383845.0,66639280.0,-247281999.0,123553756.0,15028753.0,174462331.0,537849059.0,891669454.0,69.28,14.72,10.63,4.01,1.36,1.56,100.0,,,,,0.0,88.32,4.95,2.78,2.31,1.63,0.0,17199.0,26245.45,150647.56,9107.24,86.78,5.83,3.6,2.34,1.45,194092.0,0.21,8.86,118942.0,322.0,501603.0,10251.0,1259872.0,407200.0,737.0,29132.0,621615.0,,,234944.0,961597.0,169179.0,635.0,0,,,,,0,114.98,10000000.0,60.0,28.0,1,,,,0,0,23.15,15000.0,7.0,1,0,,,,0,112.98,112.98,1,285.56,32.0,1,1,3
00322,BANCO INDUSTRIAL S.A.,privado_nacional,2608311943.0,211142.0,53522030.0,-406357.0,2255686.0,443139585.0,208953012.0,-13189244.0,,114022120.0,581162560.0,2692883.0,54328581.0,3810122.0,646974.0,1234812204.0,,25872395.0,4835804792.0,168813840.0,157454162.0,1963953925.0,,242135205.0,406516911.0,-756501962.0,-21114943.0,,,-210478176.0,,-92352233.0,1253695151.0,95867959.0,-7874293.0,9458026.0,34631455.0,218497694.0,,,63343261.0,,48695867.0,243604780.0,-113637015.0,439569802.0,2258227638.0,350084305.0,,7343229.0,12256421.0,26852852.0,238520535.0,814125349.0,,-19804401.0,174339708.0,176337.0,586361346.0,141131293.0,-97029622.0,141131293.0,233782396.0,372383330.0,21.0,1130657677.0,99.64,0.16,0.01,0.02,0.17,13.14,99.82,0.09,0.0,0.0,0.09,1.83,93.6,2.13,2.13,1.33,0.81,0.5,823677.43,93908.65,31715.14,25880.1,99.6,0.16,0.07,0.05,0.12,949301.22,2.91,86.77,1796.0,160.0,54873.0,19811.0,3869000.0,307225.0,113.0,6127.0,237480.0,,,9938.0,330043.0,6890.0,709.0,0,,,,,0,300.16,99999999.0,70.0,13.0,1,,,,0,1,21.94,1000.0,11.0,1,1,11246.62,51734.05,23.0,1,214.07,214.07,1,12116.94,8.0,1,1,4
00331,BANCO CETELEM ARGENTINA S.A.,extranjero,6871161.0,,,,,,11055139.0,,,,,,285389.0,29795.0,,,,,,,,,,,4422288.0,-140969.0,-1650.0,,,-2410643.0,,,1023955.0,23.0,,,,311007.0,,,,,-217428.0,45.0,-140969.0,,588024.0,6283137.0,,,,,,1023955.0,,,35348.0,277017.0,2127781.0,-3551075.0,-1804363.0,-4772002.0,2127781.0,,,310.0,,,,,,,100.0,,,,,,,,,,,,2127.78,,,,100.0,,,,,2127.78,,100.0,,,,,,,,,,,,,,,5.0,0,,,,,0,,,,,0,,,,0,0,,,,0,0,,,,0,,,0,,,0,0,0
00332,BANCO DE SERVICIOS FINANCIEROS S.A.,privado_nacional,197293882.0,2670578.0,,-3009245.0,,,29105483.0,-16686499.0,,,,,13113321.0,715581.0,240327.0,,,,,,,418981.0,,,7386491.0,-32347296.0,-13224552.0,,,-40260233.0,,-3470281.0,72480425.0,36670734.0,,10381086.0,418981.0,21683455.0,,,149597270.0,,166589977.0,6494915.0,-4080743.0,,172848289.0,24445593.0,,,,5768244.0,,72480425.0,,-12655197.0,553712.0,1148583.0,167074865.0,-4659890.0,-9601626.0,-4659890.0,,179730062.0,,,0.0,,,,,,,,,,,,81.92,5.76,4.04,6.6,1.68,,,0.0,190702.95,14321.97,81.92,5.76,4.04,6.6,1.68,190702.95,,100.0,,,,,,,,,543640.0,,,678559.0,,599182.0,179.0,0,,,,,0,952.11,300000000.0,36.0,4.0,1,,,,0,0,,,,0,0,,,,0,0.0,0.0,1,1028.5,6.0,1,0,2
00338,BANCO DE SERVICIOS Y TRANSACCIONES,privado_nacional,437889775.0,554544.0,28123838.0,265156.0,,39670761.0,70193627.0,-1861991.0,-39.0,43269613.0,20256370.0,12057651.0,25258264.0,235428.0,613887.0,59951732.0,122.0,1246692.0,1294983533.0,135587856.0,58133835.0,135196083.0,,40949732.0,36974134.0,-64025074.0,-2270639.0,,,-45945658.0,2702094.0,-50990050.0,277338066.0,13700556.0,-133061.0,2787111.0,1540445.0,43295358.0,,,121177174.0,,25236938.0,38326900.0,-11943676.0,181683331.0,300710160.0,137179615.0,,,,718765.0,31131195.0,95654735.0,,-2099774.0,1846569.0,1041545.0,103587198.0,66985988.0,-67333114.0,66985988.0,,100650534.0,5036438.0,219284515.0,99.66,0.0,0.0,0.34,0.0,5.43,100.0,0.0,0.0,0.0,,13.65,99.75,0.19,0.04,0.01,,0.11,135506.85,32342.13,970.67,3356.36,99.93,0.0,0.0,0.06,0.0,168819.65,12.0,80.27,3.0,1.0,,779.0,582.0,,22.0,46.0,5628.0,3.0,,,83.0,,139.0,0,16.1,12000000.0,120.0,1.0,1,,,,,0,,,,0,0,27.0,1000.0,5.0,1,0,,,,0,,,0,,,0,1,2
00340,BACS BANCO DE CREDITO Y SECURITIZAC,privado_nacional,170799939.0,804756.0,,1032809.0,,92942699.0,19942815.0,-660076.0,,2581250.0,2573379.0,,1239892.0,23718.0,21351.0,,11036461.0,,650686896.0,1620751.0,386823.0,111654250.0,,9573649.0,33133020.0,-82248972.0,-1221560.0,,,-14285217.0,1061.0,-781525.0,112933358.0,1994372.0,-892793.0,308262.0,2306836.0,5539027.0,,4542248.0,28040334.0,,9778648.0,2876770.0,-6991514.0,33276501.0,145233611.0,25566328.0,4542248.0,,,10211263.0,16404715.0,79656857.0,203.0,-542752.0,568624.0,,71704195.0,5623513.0,-12038593.0,5623513.0,42233845.0,30013102.0,,55930434.0,,,,,,,97.21,2.77,,0.0,0.01,2.71,99.66,0.04,0.1,0.2,0.0,0.01,75514.34,,10396.99,663.8,97.51,2.44,0.01,0.02,0.01,85911.33,2.39,87.9,,,,,13.0,,15.0,,12008.0,18.0,2.0,,,,74.0,0,,,,,0,,,,,0,,,,0,0,21.94,1.0,5.0,1,0,,,,0,,,0,,,0,0,1
00341,BANCO MASVENTAS S.A.,privado_nacional,28897076.0,115027.0,497961.0,50253.0,206525.0,7623169.0,7739799.0,-251321.0,,,38090.0,,772646.0,173394.0,43726.0,1788908.0,,,232032.0,,,19400736.0,,1883840.0,6028941.0,-4924264.0,-1173565.0,,,-6578929.0,,1203265.0,7428528.0,1529501.0,-264996.0,478535.0,123032.0,2354386.0,,,519161.0,31686.0,1133991.0,1366756.0,-412981.0,1436149.0,22607533.0,6289543.0,,2742.0,332812.0,1174397.0,8350705.0,5992379.0,,-285799.0,11045454.0,438.0,4868620.0,-3255150.0,-29826.0,-1450256.0,200438.0,4953981.0,1328281.0,4490365.0,96.72,1.86,0.15,0.0,1.27,1.66,97.19,,0.0,,2.81,,80.42,4.19,4.97,9.16,1.25,0.09,224.67,2538.64,2232.73,304.06,89.46,2.82,2.3,4.09,1.33,4996.03,0.88,4.5,1180.0,57.0,,340.0,8543.0,,105.0,4022.0,26533.0,,,1385.0,4925.0,1385.0,96.0,0,,,,,0,86.59,15000000.0,36.0,64.0,1,,,,0,1,26.83,100.0,19.0,1,1,1459.9,4383.11,12.0,1,138.28,138.28,1,8780.97,20.0,1,1,4
00384,UALA BANK S.A.U.,privado_nacional,353773712.0,1178913.0,,,,266893679.0,22262871.0,-1515172.0,,,,,1656004.0,22770.0,2140.0,,,,10575.0,,,316393740.0,,800000.0,45807298.0,-45172257.0,-5601601.0,,,-12890643.0,,,70050199.0,4363666.0,,5270755.0,2959945.0,8299322.0,,,4985941.0,,19851565.0,20776541.0,-2479989.0,32219907.0,329692949.0,24080763.0,,,,67385548.0,46208750.0,37830292.0,,-1300483.0,93900.0,13946.0,92007385.0,4017283.0,-5326469.0,1817892.0,,93307868.0,,192253671.0,100.0,,,,,,0.0,,,,,,95.87,3.52,0.58,0.02,0.0,0.0,0.0,820.4,105263.14,1428.24,95.91,3.49,0.58,0.02,0.0,106083.54,0.0,0.0,56.0,53.0,,,2046787.0,,11.0,63366.0,402699.0,,,118561.0,,118561.0,67.0,0,,,,,0,390.99,10000000.0,24.0,1.0,1,,,,0,1,30.0,1000.0,9.0,1,0,,,,0,211.22,211.22,0,0.0,1.0,1,1,3
00389,BANCO COLUMBIA S.A.,privado_nacional,450341689.0,2269323.0,1892393.0,2833505.0,,43146625.0,30758470.0,-9967826.0,,,49414511.0,,122897936.0,1675102.0,74.0,45509773.0,,70633.0,6027658.0,9292500.0,,168045384.0,,119050.0,16929736.0,-129888371.0,-16189136.0,,,-83431349.0,,-6797547.0,159378364.0,28807645.0,-4672.0,9454257.0,1368849.0,24534513.0,1115951.0,606521.0,179352540.0,,30918682.0,130118760.0,-7118852.0,36538630.0,373912162.0,76429527.0,606521.0,,,69174071.0,71551413.0,122839734.0,15638190.0,-8232912.0,15327237.0,863774.0,121792594.0,45671057.0,-23440836.0,45671057.0,30.0,130025476.0,4133393.0,40399582.0,98.33,1.1,0.21,0.27,0.09,,100.0,0.0,,,0.0,,85.99,4.94,3.71,3.89,1.48,11.12,11517.33,418.56,123651.69,8386.99,87.22,4.51,3.38,3.54,1.35,135587.58,10.14,8.49,840.0,86.0,156854.0,1300.0,332631.0,139069.0,94.0,24347.0,213804.0,,976.0,288236.0,479186.0,288236.0,697.0,0,,,,,0,286.0,20000000.0,36.0,3.0,1,97.27,50000000.0,3.0,1,1,18.39,1000.0,5.0,1,0,14599.0,14599.0,1.0,1,150.0,150.0,1,15946.16,3.0,1,1,5
00426,BANCO BICA S.A.,privado_nacional,136359034.0,450940.0,7929200.0,711595.0,578947.0,20437919.0,28039495.0,-851505.0,-50179.0,14393915.0,15041333.0,,1427916.0,674598.0,358293.0,19608933.0,,24456338.0,55226608.0,,,90420486.0,,34320765.0,15304019.0,-31537364.0,-2181292.0,,,-18028167.0,7064.0,-2933728.0,71842910.0,6600508.0,-874141.0,1269568.0,790672.0,6638831.0,,,5740177.0,,9623225.0,1878494.0,-5236611.0,24693339.0,102881521.0,33477513.0,,84049.0,67191.0,9131840.0,46550079.0,47149571.0,248791.0,-633040.0,6616268.0,14836.0,61684727.0,5438018.0,-19684843.0,5438018.0,3.0,62317728.0,39.0,48333674.0,99.64,0.19,0.05,0.1,0.03,15.13,100.0,,,,,11.1,97.57,0.92,0.61,0.75,0.16,0.0,15888.13,20787.79,26355.52,647.25,98.86,0.45,0.27,0.34,0.07,63031.43,7.79,25.21,2068.0,254.0,,4254.0,57527.0,,3548.0,1513.0,152498.0,2.0,12.0,11661.0,51106.0,5586.0,187.0,0,,,,,0,84.42,8000000.0,60.0,63.0,1,,,,0,1,26.83,500.0,12.0,1,1,20469.29,64000.53,32.0,1,185.34,185.34,1,13973.0,8.0,1,1,4
00431,BANCO COINAG S.A.,privado_nacional,192051465.0,3304445.0,7472605.0,-446490.0,5098945.0,33745108.0,20285436.0,-1295747.0,-18275.0,16358013.0,5639132.0,20989.0,8595634.0,261708.0,868822.0,27906508.0,,4144205.0,11539071.0,,,147496715.0,,36279242.0,40231366.0,-32480574.0,-7020904.0,,,-27691109.0,,-1996125.0,80392640.0,7526018.0,-773749.0,2302779.0,486912.0,3502004.0,,1002404.0,5222843.0,,13167553.0,14335567.0,-5815940.0,19788228.0,156221562.0,35829903.0,1002404.0,,,5331233.0,22032516.0,60604412.0,,-1085449.0,9926091.0,,62272322.0,5031754.0,-13082047.0,15544467.0,505245.0,63314898.0,42873.0,47263702.0,99.23,0.26,0.12,0.19,0.19,13.15,100.0,0.0,0.0,,,0.0,97.63,0.97,0.63,0.51,0.26,0.02,13695.87,42859.27,9747.83,1093.17,99.16,0.31,0.17,0.2,0.16,66302.96,8.51,20.66,3856.0,172.0,376.0,4043.0,18128.0,,414.0,1048.0,37779.0,,,11000.0,19525.0,6349.0,198.0,0,,,,,0,34.5,2500000.0,48.0,13.0,1,88.37,50000000.0,24.0,1,1,25.59,100.0,22.0,1,1,15000.0,32800.0,15.0,1,97.51,97.51,1,6200.0,4.0,1,1,5
00432,BANCO DE COMERCIO S.A.,privado_nacional,106016177.0,115275.0,5155634.0,5441.0,5111.0,6993992.0,18058470.0,-322876.0,,260780.0,37937597.0,436747.0,12074614.0,23831.0,,8739331.0,109657.0,5855.0,42782309.0,4288000.0,,19646461.0,,8828064.0,9215286.0,-8799188.0,-404585.0,,,-9742424.0,1583333.0,977628.0,35055934.0,2666870.0,-1225930.0,682396.0,138025.0,1675478.0,,,60605115.0,,5162972.0,17590286.0,-5466656.0,17378578.0,82010010.0,24006167.0,,,32956.0,2115341.0,3525807.0,17677356.0,255663.0,-346921.0,3050074.0,50000.0,22616870.0,1451818.0,-15508709.0,5947697.0,400877.0,22562914.0,,40911914.0,99.53,0.02,0.05,0.33,0.07,9.51,75.72,24.28,,,,37.05,95.55,1.41,1.27,1.71,0.06,0.04,7392.27,15114.9,2437.18,351.33,92.08,7.35,0.15,0.37,0.05,24944.35,16.75,29.64,44.0,4.0,,1307.0,1204.0,,132.0,61.0,23316.0,2.0,5.0,574.0,,499.0,107.0,0,,,,,0,125.45,30000.0,24.0,5.0,1,131.62,350000.0,3.0,1,0,39.16,1000.0,5.0,1,0,41915.5,345674.31,5.0,1,461.06,103.62,1,9300.0,3.0,1,1,5
00435,BANCO SUCREDITO REGIONAL S.A.U.,privado_nacional,14594890.0,,1131892.0,,,28812.0,11042207.0,-417721.0,,589602.0,1444365.0,,1149184.0,,8895.0,8637930.0,,,3180891.0,,,9300720.0,,1811983.0,591607.0,-416440.0,-34318.0,,,-3372944.0,,374397.0,5025603.0,826499.0,-38723.0,180917.0,21917.0,566230.0,,,21286.0,,1.0,164586.0,-265226.0,554744.0,9888236.0,4706654.0,,228593.0,,334385.0,612060.0,4470859.0,,-389070.0,92143.0,,3031384.0,-1452029.0,-3471506.0,-6335553.0,,3420454.0,,9337393.0,78.06,0.0,3.74,15.25,2.95,10.9,,,,,,,91.47,2.09,1.99,4.41,0.04,,,3047.98,378.28,389.07,79.54,0.23,3.55,14.05,2.63,3426.25,9.7,11.04,199.0,2.0,,110.0,931.0,,3.0,22.0,513.0,,,,,,11.0,0,,,,,0,83.07,50000000.0,24.0,6.0,1,,,,0,0,27.15,1000.0,18.0,1,0,,,,0,196.08,,0,7005.9,5.0,1,1,3
00448,BANCO DINO S.A.,privado_nacional,56846990.0,17773.0,367020.0,,,10123917.0,18860506.0,-136349.0,,1209022.0,4553672.0,,1075699.0,70530.0,8996.0,844029.0,,497.0,9770084.0,,,38468062.0,,6588981.0,5760257.0,-24727756.0,-1137203.0,,,-4169962.0,898840.0,-85783.0,32125744.0,1719854.0,-385835.0,470340.0,325530.0,2458200.0,,,3074347.0,,2770070.0,1542205.0,-16387617.0,13837693.0,44132842.0,12714148.0,,4327.0,109032.0,593039.0,27095386.0,18288051.0,,-158612.0,256701.0,23201.0,11242182.0,-7651604.0,-10769212.0,-6146358.0,6668.0,11302455.0,98339.0,36947846.0,99.99,0.0,0.0,0.0,0.0,6.71,99.71,0.0,0.0,0.29,,99.71,97.71,1.11,0.47,0.52,0.19,23.66,2107.78,4898.07,4445.35,159.12,99.06,0.43,0.18,0.26,0.07,11451.2,30.41,18.41,1826.0,23.0,,546.0,6915.0,,11.0,387.0,267906.0,6.0,,9082.0,5455.0,6097.0,34.0,1,16.08,320302000.0,180.0,6.0,1,157.84,2000000.0,18.0,1.0,1,,,,0,1,23.75,1000.0,4.0,1,1,16940.0,30250.0,3.0,1,149.91,149.91,0,9084.08,1.0,1,0,5
