codigo_entidad,hipoteca_uva,hipoteca_tea_max,hipoteca_monto_max,hipoteca_plazo_max,hipoteca_n_productos,ofrece_hipoteca,personal_tea_max,personal_monto_max,personal_plazo_max,personal_n_productos,ofrece_personal,prendario_tea_max,prendario_monto_max,prendario_n_productos,ofrece_prendario,pfijo_uva,pfijo_tea_min,pfijo_monto_min,pfijo_n_productos,ofrece_pfijo,paquete_tiene_premium,paquete_comision_min,paquete_comision_max,paquete_n_productos,ofrece_paquete,tarjeta_tea_financiacion,tarjeta_tea_adelanto,tarjeta_tiene_premium,tarjeta_comision_admin_min,tarjeta_n_productos,ofrece_tarjeta,caja_apertura_simplificada,n_productos_ofrecidos
00007,1,12.0,999999999.0,240.0,1.0,1,30.0,24800000.0,72.0,2.0,1,34.0,57000000.0,18.0,1,1,26.83,100.0,12.0,1,1,27000.0,70000.0,56.0,1,133.44,133.44,1,18500.0,12.0,1,1,6
00011,1,6.17,521192700.0,360.0,24.0,1,45.37,100000000.0,72.0,5.0,1,,,,0,1,25.66,100.0,10.0,1,1,9427.0,75038.0,12.0,1,103.18,103.18,0,8801.54,1.0,1,1,5
00014,0,37.22,345689450.0,240.0,60.0,1,77.88,50000000.0,60.0,22.0,1,,,,0,1,24.48,100.0,20.0,1,1,24700.0,85000.0,72.0,1,40.42,40.42,1,0.0,11.0,1,1,5
00015,1,9.27,300000000.0,240.0,2.0,1,147.19,145000000.0,96.0,8.0,1,67.97,130000000.0,7.0,1,1,23.89,1000.0,6.0,1,1,26000.0,76000.0,3.0,1,120.78,120.78,0,0.0,8.0,1,1,6
00017,1,7.76,999999999.0,360.0,13.0,1,249.85,70000000.0,72.0,7.0,1,28.0,55000000.0,4.0,1,1,22.54,1000.0,12.0,1,1,22900.0,78900.0,49.0,1,106.41,106.41,1,28900.0,8.0,1,1,6
00020,1,8.9,468092500.0,240.0,12.0,1,114.99,138720000.0,72.0,7.0,1,,,,0,1,25.37,100.0,17.0,1,0,14000.0,14000.0,3.0,1,369.88,369.88,1,4345.99,18.0,1,1,5
00027,1,18.39,99999999.0,180.0,54.0,1,176.31,75000000.0,72.0,48.0,1,49.65,85250000.0,16.0,1,1,23.6,100.0,20.0,1,1,0.0,83400.0,52.0,1,142.75,142.75,1,10800.0,11.0,1,1,6
00029,1,10.36,300000000.0,240.0,68.0,1,127.33,40000000.0,72.0,12.0,1,63.21,28000000.0,2.0,1,1,20.75,100.0,24.0,1,0,26734.0,26734.0,42.0,1,125.3,125.3,0,6458.0,6.0,1,1,6
00034,1,13.24,140000000.0,360.0,3.0,1,129.55,30000000.0,60.0,2.0,1,,,,0,1,20.75,500.0,32.0,1,0,21250.0,21250.0,5.0,1,126.1,126.1,0,10436.25,1.0,1,1,5
00044,1,13.24,250000000.0,180.0,6.0,1,16.08,100000000.0,72.0,5.0,1,,,,0,1,24.98,100.0,18.0,1,1,0.0,1787.17,12.0,1,172.36,172.36,1,10103.6,7.0,1,0,5
00045,1,12.68,335970000.0,240.0,3.0,1,158.06,50000000.0,72.0,1.0,1,20.75,50000000.0,4.0,1,1,23.75,5000.0,6.0,1,0,33113.0,33113.0,1.0,1,108.9,108.9,0,10350.0,1.0,1,1,6
00065,1,4.28,100000000.0,240.0,5.0,1,117.01,50000000.0,60.0,5.0,1,,,,0,0,28.08,1000.0,2.0,1,0,,,,0,123.2,123.2,0,14375.0,1.0,1,1,4
00072,1,9.92,999999999.0,240.0,2.0,1,127.33,50000000.0,72.0,7.0,1,61.65,57000000.0,24.0,1,1,19.92,500.0,45.0,1,1,11900.0,76777.0,61.0,1,123.41,123.41,1,7234.0,12.0,1,0,6
00083,0,10.47,180000000.0,180.0,1.0,1,118.0,40000000.0,60.0,6.0,1,55.55,0.0,4.0,1,1,28.08,1000.0,18.0,1,0,,,,0,111.01,111.01,0,2797.52,3.0,1,1,5
00086,1,14.36,335970000.0,240.0,1.0,1,154.37,50000000.0,72.0,1.0,1,29.03,50000000.0,4.0,1,1,23.15,5000.0,4.0,1,0,19781.0,19781.0,1.0,1,111.08,111.08,0,9000.0,1.0,1,1,6
00093,0,,,,,0,107.05,10000000.0,60.0,42.0,1,,,,0,0,21.94,1000.0,8.0,1,1,23000.0,70000.0,168.0,1,110.98,110.98,1,0.0,60.0,1,1,4
00094,1,10.36,9999999999.0,180.0,1.0,1,123.2,15000000.0,60.0,2.0,1,91.93,99999999.0,1.0,1,0,22.14,1500.0,6.0,1,0,12671.52,12671.52,1.0,1,136.07,136.07,0,6790.62,1.0,1,1,6
00097,1,3.56,150000000.0,240.0,12.0,1,26.83,25000000.0,72.0,42.0,1,,,,0,1,20.75,1000.0,13.0,1,1,10715.76,42437.12,146.0,1,127.42,0.0,1,4950.11,33.0,1,1,5
00131,0,,,,,0,,,,,0,,,,0,0,28.02,10000.0,1.0,1,0,,,,0,,,0,,,0,0,1
00143,1,12.68,250000000.0,360.0,20.0,1,349.05,16706000.0,48.0,6.0,1,,,,0,1,24.36,50.0,11.0,1,0,,,,0,154.28,154.28,0,6600.0,2.0,1,0,4
00147,0,,,,,0,,,,,0,,,,0,1,26.83,1000.0,13.0,1,0,,,,0,,,0,,,0,0,1
00165,0,,,,,0,,,,,0,,,,0,0,21.0,20000000.0,1.0,1,0,,,,0,,,0,,,0,0,1
00191,1,13.24,200000000.0,240.0,48.0,1,112.98,50000000.0,60.0,10.0,1,151.94,20000000.0,6.0,1,1,21.34,0.0,65.0,1,1,23595.0,71995.0,20.0,1,129.55,129.55,1,0.0,9.0,1,1,6
00247,0,,,,,0,109.01,1500000.0,12.0,24.0,1,,,,0,0,19.56,1.0,12.0,1,0,,,,0,126.6,0.0,1,5358.73,6.0,1,1,3
00254,0,,,,,0,,,,,0,63.23,10000000.0,1.0,1,0,28.36,1000.0,6.0,1,0,,,,0,,,0,,,0,0,2
00268,1,8.3,187929000.0,360.0,1.0,1,107.97,6000000.0,60.0,2.0,1,94.68,30000000.0,1.0,1,0,23.04,1.0,14.0,1,1,20930.0,66279.0,4.0,1,128.71,128.91,1,9739.0,10.0,1,1,6
00269,0,,,,,0,103.18,30000.0,12.0,1.0,1,,,,0,0,14.94,2000.0,1.0,1,0,,,,0,166.31,166.31,0,100.1,1.0,1,0,3
00277,0,,,,,0,494.63,3750000.0,24.0,6.0,1,,,,0,1,24.36,1.0,3.0,1,0,,,,0,,,0,,0.0,1,0,3
00281,0,,,,,0,,,,,0,99.38,32000000.0,1.0,1,1,34.5,10000.0,2.0,1,0,,,,0,87.8,,1,7000.0,1.0,1,1,3
00285,1,12.13,9999999999.0,240.0,15.0,1,9.38,10000000.0,72.0,16.0,1,,,,0,1,22.54,1.0,11.0,1,1,14943.5,78480.6,28.0,1,112.7,112.7,1,15972.0,14.0,1,1,5
00299,1,11.0,350000000.0,240.0,6.0,1,151.94,100000000.0,60.0,6.0,1,,,,0,0,23.15,500.0,8.0,1,1,9102.23,79890.25,30.0,1,122.2,122.2,1,8372.38,9.0,1,0,5
00301,0,,,,,0,89.0,12171000.0,60.0,4.0,1,,,,0,0,25.66,1000.0,10.0,1,0,,,,0,,,0,,,0,0,2
00305,0,,,,,0,127.77,1000000.0,36.0,2.0,1,,,,0,0,25.59,500.0,8.0,1,0,,,,0,,,0,,,0,0,2
00309,0,,,,,0,110.96,5000000.0,72.0,2.0,1,,,,0,1,24.42,1000.0,3.0,1,0,,,,0,141.27,141.27,1,4210.0,7.0,1,1,3
00310,1,13.24,250000000.0,240.0,2.0,1,129.47,9000000.0,48.0,3.0,1,45.37,40000000.0,4.0,1,1,27.46,1.0,34.0,1,0,,,,0,150.42,150.42,1,15000.0,4.0,1,0,5
00312,0,,,,,0,161.04,18000000.0,48.0,19.0,1,,,,0,1,31.25,1000.0,11.0,1,0,,,,0,,,0,,,0,0,2
00315,0,,,,,0,90.16,8000000.0,36.0,10.0,1,24.36,40000000.0,35.0,1,0,25.59,500.0,4.0,1,1,11660.0,49511.0,16.0,1,101.27,101.27,0,15730.0,2.0,1,0,5
00319,0,,,,,0,,,,,0,,,,0,1,25.9,1.0,8.0,1,0,,,,0,,,0,,,0,0,1
00321,0,,,,,0,114.98,10000000.0,60.0,28.0,1,,,,0,0,23.15,15000.0,7.0,1,0,,,,0,112.98,112.98,1,285.56,32.0,1,1,3
00322,0,,,,,0,300.16,99999999.0,70.0,13.0,1,,,,0,1,21.94,1000.0,11.0,1,1,11246.62,51734.05,23.0,1,214.07,214.07,1,12116.94,8.0,1,1,4
00332,0,,,,,0,952.11,300000000.0,36.0,4.0,1,,,,0,0,,,,0,0,,,,0,0.0,0.0,1,1028.5,6.0,1,0,2
00338,0,16.1,12000000.0,120.0,1.0,1,,,,,0,,,,0,0,27.0,1000.0,5.0,1,0,,,,0,,,0,,,0,1,2
00340,0,,,,,0,,,,,0,,,,0,0,21.94,1.0,5.0,1,0,,,,0,,,0,,,0,0,1
00341,0,,,,,0,86.59,15000000.0,36.0,64.0,1,,,,0,1,26.83,100.0,19.0,1,1,1459.9,4383.11,12.0,1,138.28,138.28,1,8780.97,20.0,1,1,4
00384,0,,,,,0,390.99,10000000.0,24.0,1.0,1,,,,0,1,30.0,1000.0,9.0,1,0,,,,0,211.22,211.22,0,0.0,1.0,1,1,3
00389,0,,,,,0,286.0,20000000.0,36.0,3.0,1,97.27,50000000.0,3.0,1,1,18.39,1000.0,5.0,1,0,14599.0,14599.0,1.0,1,150.0,150.0,1,15946.16,3.0,1,1,5
00426,0,,,,,0,84.42,8000000.0,60.0,63.0,1,,,,0,1,26.83,500.0,12.0,1,1,20469.29,64000.53,32.0,1,185.34,185.34,1,13973.0,8.0,1,1,4
00431,0,,,,,0,34.5,2500000.0,48.0,13.0,1,88.37,50000000.0,24.0,1,1,25.59,100.0,22.0,1,1,15000.0,32800.0,15.0,1,97.51,97.51,1,6200.0,4.0,1,1,5
00432,0,,,,,0,125.45,30000.0,24.0,5.0,1,131.62,350000.0,3.0,1,0,39.16,1000.0,5.0,1,0,41915.5,345674.31,5.0,1,461.06,103.62,1,9300.0,3.0,1,1,5
00435,0,,,,,0,83.07,50000000.0,24.0,6.0,1,,,,0,0,27.15,1000.0,18.0,1,0,,,,0,196.08,,0,7005.9,5.0,1,1,3
00448,1,16.08,320302000.0,180.0,6.0,1,157.84,2000000.0,18.0,1.0,1,,,,0,1,23.75,1000.0,4.0,1,1,16940.0,30250.0,3.0,1,149.91,149.91,0,9084.08,1.0,1,0,5
